B04;B03;B02;B8A;feature_key
0.107;0.1152;0.1041;0.1073;1
0.1071;0.1148;0.1036;0.1173;1
0.1097;0.1175;0.1047;0.13;1
0.114;0.1218;0.1067;0.1476;1
0.1064;0.1155;0.104;0.1073;1
0.1063;0.1148;0.1038;0.1081;1
0.1068;0.1141;0.1037;0.1062;1
0.1062;0.1138;0.1035;0.1046;1
0.1068;0.1143;0.1039;0.1052;1
0.1064;0.1136;0.104;0.1068;1
0.107;0.1147;0.1045;0.106;1
0.1071;0.1153;0.1052;0.1069;1
0.108;0.1147;0.1052;0.1065;1
0.1082;0.1149;0.1054;0.1074;1
0.1087;0.1154;0.1053;0.1089;1
0.1093;0.1165;0.1057;0.1245;1
0.1068;0.114;0.1037;0.1062;1
0.1059;0.1142;0.104;0.1066;1
0.1065;0.1139;0.1039;0.1059;1
0.1071;0.1147;0.1041;0.107;1
0.1067;0.1149;0.1036;0.1065;1
0.1073;0.1154;0.104;0.1061;1
0.1077;0.1154;0.1051;0.1081;1
0.1072;0.1146;0.1047;0.1063;1
0.1073;0.1147;0.1054;0.1056;1
0.1066;0.1156;0.1048;0.1057;1
0.108;0.1134;0.1028;0.1234;1
0.1064;0.1109;0.101;0.1235;1
0.1064;0.1118;0.102;0.1105;1
0.1074;0.1135;0.1034;0.108;1
0.1081;0.1161;0.1048;0.1067;1
0.1113;0.1213;0.108;0.1295;1
0.1081;0.1171;0.106;0.1091;1
0.1088;0.1178;0.1069;0.1073;1
0.108;0.1163;0.1051;0.1088;1
0.1102;0.1239;0.1101;0.1034;1
0.1116;0.1256;0.1108;0.1045;1
0.11;0.1185;0.1072;0.1161;1
0.1086;0.1175;0.1073;0.1074;1
0.1084;0.1173;0.1057;0.1086;1
0.1085;0.1141;0.1039;0.1311;1
0.1101;0.1235;0.1092;0.1017;1
0.1103;0.1234;0.1097;0.1019;1
0.1106;0.1234;0.1109;0.1033;1
0.1107;0.125;0.11;0.1032;1
0.11;0.1198;0.1067;0.113;1
0.109;0.118;0.1067;0.1102;1
0.1093;0.1182;0.1074;0.1092;1
0.1074;0.1144;0.1043;0.1168;1
0.1096;0.123;0.11;0.1019;1
0.1099;0.1228;0.1096;0.1018;1
0.1102;0.122;0.1091;0.1017;1
0.1098;0.1224;0.109;0.1042;1
0.1095;0.1232;0.1104;0.1019;1
0.1113;0.1256;0.1101;0.103;1
0.1101;0.1206;0.107;0.1116;1
0.1081;0.1177;0.1066;0.1073;1
0.107;0.1143;0.1048;0.1116;1
0.1118;0.1254;0.1118;0.1051;1
0.1107;0.1231;0.1102;0.1036;1
0.1095;0.1225;0.1099;0.1022;1
0.1098;0.1234;0.1098;0.1025;1
0.1101;0.1218;0.1095;0.1027;1
0.1099;0.1214;0.1082;0.1014;1
0.1098;0.1224;0.1093;0.1014;1
0.1103;0.1235;0.1096;0.1022;1
0.1098;0.1241;0.1091;0.1043;1
0.11;0.1219;0.1087;0.1061;1
0.109;0.1175;0.1065;0.1103;1
0.1094;0.1183;0.1065;0.1109;1
0.1075;0.114;0.1041;0.1117;1
0.112;0.1245;0.112;0.1042;1
0.1109;0.1236;0.111;0.1031;1
0.1108;0.1235;0.1114;0.1021;1
0.1105;0.123;0.1096;0.102;1
0.1102;0.1223;0.1095;0.1019;1
0.1102;0.1227;0.1101;0.1015;1
0.1103;0.1221;0.11;0.1017;1
0.1099;0.1209;0.1088;0.1015;1
0.1086;0.1199;0.1078;0.1019;1
0.1093;0.1199;0.1082;0.1034;1
0.1091;0.1192;0.1078;0.1048;1
0.1111;0.1211;0.1084;0.14;1
0.1099;0.1204;0.1087;0.1129;1
0.1096;0.1185;0.1061;0.1104;1
0.1071;0.1133;0.1041;0.1138;1
0.1153;0.1287;0.1159;0.1052;1
0.1122;0.125;0.1115;0.1036;1
0.111;0.1234;0.1109;0.102;1
0.1107;0.123;0.1099;0.1016;1
0.1104;0.1225;0.1099;0.1012;1
0.1106;0.1226;0.1099;0.1016;1
0.1108;0.1232;0.1105;0.102;1
0.111;0.1229;0.1107;0.1022;1
0.1101;0.1209;0.1093;0.1024;1
0.1088;0.1197;0.1079;0.1014;1
0.1092;0.1192;0.1082;0.1033;1
0.1102;0.1188;0.1086;0.1048;1
0.1102;0.1201;0.1072;0.1216;1
0.1094;0.1188;0.1065;0.1101;1
0.1101;0.1199;0.1084;0.1105;1
0.1101;0.1179;0.107;0.1107;1
0.117;0.1307;0.117;0.1052;1
0.114;0.1269;0.1141;0.1037;1
0.1114;0.1247;0.1121;0.1022;1
0.1111;0.1235;0.1107;0.1017;1
0.1105;0.122;0.1098;0.1012;1
0.1103;0.1225;0.1107;0.1019;1
0.1101;0.1227;0.1108;0.1025;1
0.1109;0.1231;0.1104;0.1023;1
0.1113;0.1226;0.1108;0.102;1
0.1105;0.122;0.11;0.1018;1
0.111;0.1227;0.11;0.1029;1
0.111;0.1231;0.1098;0.1045;1
0.1101;0.1216;0.1095;0.104;1
0.1081;0.1158;0.104;0.1128;1
0.1074;0.1136;0.1026;0.1136;1
0.1169;0.1318;0.1173;0.1053;1
0.115;0.1256;0.1144;0.1039;1
0.1119;0.1255;0.114;0.1025;1
0.1115;0.1255;0.1127;0.1019;1
0.1106;0.125;0.1116;0.1013;1
0.1106;0.1223;0.1098;0.1022;1
0.1106;0.1224;0.1104;0.1031;1
0.1105;0.1238;0.1103;0.1024;1
0.1105;0.1226;0.1109;0.1016;1
0.1103;0.123;0.1105;0.1027;1
0.1108;0.1228;0.1101;0.1031;1
0.1108;0.123;0.1108;0.1038;1
0.1108;0.1223;0.1088;0.104;1
0.1107;0.122;0.1089;0.1071;1
0.1176;0.1348;0.1178;0.1061;1
0.1139;0.1233;0.1134;0.1034;1
0.1128;0.1238;0.1121;0.1026;1
0.111;0.1246;0.1131;0.102;1
0.111;0.126;0.1124;0.1014;1
0.1106;0.1249;0.1113;0.1017;1
0.1103;0.1204;0.1088;0.1021;1
0.1092;0.1191;0.1067;0.1056;1
0.1092;0.12;0.1087;0.1067;1
0.1106;0.1215;0.1099;0.1068;1
0.1111;0.1229;0.1099;0.1074;1
0.112;0.1237;0.1104;0.1057;1
0.1137;0.1246;0.1111;0.1062;1
0.1193;0.1382;0.119;0.1057;1
0.113;0.1236;0.1131;0.1024;1
0.1131;0.1221;0.1107;0.1028;1
0.1123;0.1252;0.1121;0.1021;1
0.1109;0.1249;0.1122;0.1015;1
0.111;0.1247;0.112;0.1013;1
0.1112;0.1237;0.1112;0.1012;1
0.1115;0.122;0.1096;0.1086;1
0.1138;0.1251;0.113;0.1113;1
0.1183;0.1317;0.1174;0.1121;1
0.1252;0.1411;0.1241;0.11;1
0.1233;0.1421;0.123;0.112;1
0.1144;0.1289;0.1143;0.1041;1
0.1141;0.1241;0.1114;0.1029;1
0.1129;0.1258;0.112;0.1019;1
0.1114;0.1256;0.1129;0.1011;1
0.1111;0.1251;0.1124;0.1014;1
0.1109;0.1246;0.1117;0.1018;1
0.11;0.1198;0.1101;0.1062;1
0.1103;0.1195;0.1083;0.1083;1
0.1163;0.1274;0.1135;0.112;1
0.1236;0.137;0.1225;0.1113;1
0.1144;0.1314;0.1154;0.1058;1
0.1117;0.1216;0.1107;0.103;1
0.112;0.1232;0.1115;0.1018;1
0.112;0.1243;0.1117;0.1007;1
0.1113;0.124;0.113;0.1015;1
0.1107;0.1242;0.112;0.1024;1
0.1102;0.1209;0.1106;0.1027;1
0.1098;0.1194;0.1095;0.103;1
0.1122;0.1227;0.1103;0.1094;1
0.1185;0.1308;0.1162;0.1098;1
0.1251;0.1386;0.1221;0.1107;1
0.1155;0.1337;0.1151;0.1059;1
0.113;0.1263;0.1127;0.1027;1
0.1117;0.1225;0.1105;0.1014;1
0.1115;0.1229;0.1113;0.1008;1
0.1111;0.1243;0.1126;0.1014;1
0.1108;0.1249;0.1122;0.1021;1
0.1104;0.1239;0.112;0.1018;1
0.11;0.1214;0.1102;0.1014;1
0.112;0.1241;0.1117;0.1022;1
0.1136;0.125;0.1118;0.1054;1
0.1194;0.1326;0.1176;0.1091;1
0.1132;0.1303;0.1142;0.106;1
0.112;0.1244;0.1122;0.1029;1
0.1109;0.1225;0.1109;0.101;1
0.1109;0.1234;0.1122;0.1014;1
0.111;0.1247;0.1135;0.1019;1
0.1111;0.1242;0.1117;0.1015;1
0.111;0.1245;0.1119;0.101;1
0.1114;0.1233;0.111;0.1013;1
0.1125;0.1256;0.1122;0.1027;1
0.1138;0.1247;0.1122;0.1063;1
0.1187;0.1317;0.1162;0.1104;1
0.1131;0.129;0.1139;0.1061;1
0.1126;0.128;0.1133;0.1045;1
0.111;0.1233;0.111;0.102;1
0.1109;0.123;0.1112;0.102;1
0.1109;0.1239;0.1123;0.1021;1
0.1105;0.1242;0.1125;0.1013;1
0.1112;0.1249;0.1127;0.1004;1
0.1115;0.1229;0.1113;0.1007;1
0.1114;0.121;0.11;0.1016;1
0.1132;0.124;0.1118;0.1055;1
0.1114;0.1209;0.1089;0.1113;1
0.114;0.1307;0.114;0.1052;1
0.1117;0.1264;0.1129;0.1035;1
0.1111;0.1241;0.1117;0.1029;1
0.1106;0.1238;0.1121;0.1023;1
0.111;0.124;0.1121;0.1011;1
0.1112;0.1241;0.1126;0.0999;1
0.112;0.1254;0.1124;0.1002;1
0.1113;0.123;0.1115;0.1006;1
0.1133;0.124;0.1117;0.1037;1
0.1115;0.1214;0.1086;0.1103;1
0.1142;0.1234;0.1094;0.1133;1
0.1192;0.1349;0.1174;0.1068;1
0.114;0.1313;0.1145;0.1038;1
0.1127;0.1252;0.113;0.1034;1
0.1109;0.1244;0.113;0.1026;1
0.1113;0.1246;0.1126;0.1012;1
0.1117;0.1239;0.1116;0.0998;1
0.1115;0.1244;0.1112;0.1004;1
0.1118;0.125;0.112;0.101;1
0.1117;0.1243;0.1116;0.1045;1
0.1141;0.124;0.1121;0.1139;1
0.1114;0.119;0.1081;0.1092;1
0.1141;0.13;0.1149;0.1045;1
0.1112;0.1241;0.112;0.1029;1
0.1117;0.1252;0.113;0.1013;1
0.112;0.1248;0.1123;0.0998;1
0.1114;0.1242;0.1118;0.1;1
0.111;0.125;0.1121;0.1002;1
0.1113;0.1243;0.112;0.1015;1
0.1117;0.1237;0.1113;0.1016;1
0.1112;0.1233;0.1111;0.104;1
0.1175;0.129;0.1135;0.1026;1
0.1124;0.1243;0.1127;0.1021;1
0.1121;0.1238;0.1127;0.1011;1
0.1123;0.1248;0.1119;0.1002;1
0.1115;0.1246;0.1122;0.1013;1
0.1115;0.1245;0.1119;0.1018;1
0.1142;0.1264;0.1136;0.1003;1
0.1372;0.1782;0.1512;0.1033;1
0.1366;0.1791;0.153;0.1019;1
0.1352;0.1775;0.151;0.1037;1
0.136;0.177;0.1512;0.1055;1
0.1385;0.1797;0.1519;0.1051;1
0.1402;0.1803;0.1531;0.1033;1
0.1383;0.1807;0.1532;0.102;1
0.1392;0.1812;0.1538;0.1011;1
0.1364;0.1786;0.1517;0.1028;1
0.1354;0.1761;0.1509;0.1036;1
0.1388;0.1792;0.153;0.1049;1
0.1398;0.1816;0.1531;0.1032;1
0.1405;0.1817;0.1535;0.1027;1
0.1398;0.1816;0.1541;0.1023;1
0.1394;0.1811;0.1542;0.1018;1
0.1372;0.1792;0.1529;0.1031;1
0.1374;0.1782;0.1517;0.1029;1
0.1399;0.1811;0.1543;0.1033;1
0.1401;0.1815;0.154;0.1022;1
0.1393;0.1807;0.1531;0.1023;1
0.1397;0.1815;0.154;0.1012;1
0.1394;0.1804;0.153;0.1022;1
0.1405;0.181;0.1528;0.1047;1
0.1417;0.1832;0.1544;0.1029;1
0.1405;0.1813;0.1535;0.1013;1
0.1381;0.1809;0.153;0.1023;1
0.1397;0.1815;0.1531;0.101;1
0.1391;0.1798;0.1529;0.1024;1
0.1418;0.1816;0.1538;0.1065;1
0.1424;0.1824;0.1548;0.1044;1
0.1401;0.1818;0.1543;0.1035;1
0.139;0.1813;0.1529;0.1041;1
0.1404;0.1812;0.1527;0.1031;1
0.1396;0.1808;0.1528;0.1028;1
0.1227;0.1281;0.1031;0.3705;2
0.1226;0.1297;0.1035;0.3717;2
0.121;0.1279;0.1022;0.3667;2
0.1216;0.1287;0.1025;0.365;2
0.1205;0.1287;0.1021;0.3585;2
0.1189;0.1275;0.1019;0.3465;2
0.1208;0.1252;0.1021;0.3282;2
0.1228;0.1272;0.1031;0.3492;2
0.1211;0.1299;0.1027;0.3852;2
0.1192;0.1281;0.1021;0.3647;2
0.1167;0.1238;0.1008;0.338;2
0.1199;0.1287;0.102;0.362;2
0.1215;0.1276;0.102;0.3486;2
0.1278;0.1289;0.107;0.3121;2
0.1224;0.1274;0.1051;0.2957;2
0.1238;0.1291;0.1053;0.3223;2
0.1198;0.1267;0.1025;0.3593;2
0.1215;0.1278;0.1027;0.3517;2
0.1241;0.1286;0.1052;0.3401;2
0.1228;0.1281;0.1041;0.3419;2
0.1198;0.1281;0.1023;0.3583;2
0.1188;0.1259;0.1001;0.3512;2
0.1191;0.1273;0.102;0.3618;2
0.1213;0.127;0.1043;0.3072;2
0.1248;0.1309;0.1059;0.3208;2
0.1208;0.1277;0.1037;0.3309;2
0.1261;0.13;0.1059;0.3283;2
0.1276;0.1309;0.1065;0.3412;2
0.1178;0.1242;0.1004;0.3369;2
0.1208;0.1257;0.1021;0.3594;2
0.1256;0.1306;0.1048;0.3727;2
0.1185;0.1237;0.1015;0.3315;2
0.1202;0.1252;0.1024;0.3299;2
0.1247;0.1278;0.1051;0.3234;2
0.1213;0.1264;0.1028;0.3376;2
0.1239;0.1293;0.1055;0.3207;2
0.1257;0.1326;0.106;0.3294;2
0.1278;0.13;0.1057;0.3131;2
0.1265;0.1311;0.1051;0.3402;2
0.1257;0.128;0.1044;0.3247;2
0.1185;0.1218;0.1001;0.2993;2
0.1208;0.1254;0.1008;0.3277;2
0.1237;0.1283;0.1026;0.3517;2
0.1172;0.1216;0.0997;0.3193;2
0.117;0.1241;0.1019;0.3475;2
0.1259;0.1289;0.1047;0.3531;2
0.1378;0.1352;0.1119;0.3504;2
0.133;0.1325;0.1089;0.3513;2
0.1227;0.1241;0.1023;0.3265;2
0.1277;0.1256;0.1035;0.3061;2
0.1268;0.1302;0.1069;0.3189;2
0.1288;0.1317;0.1062;0.3253;2
0.1323;0.1271;0.1034;0.3356;2
0.1272;0.1271;0.1023;0.3271;2
0.1306;0.127;0.1044;0.3131;2
0.1209;0.1241;0.1016;0.3004;2
0.1248;0.1303;0.1048;0.3447;2
0.1251;0.129;0.1024;0.3491;2
0.1237;0.1286;0.1029;0.3339;2
0.1255;0.1285;0.1043;0.3246;2
0.1224;0.1274;0.1032;0.3236;2
0.1179;0.1225;0.1007;0.3333;2
0.1165;0.1225;0.1005;0.3315;2
0.1231;0.1286;0.1038;0.3651;2
0.1309;0.1324;0.108;0.3774;2
0.1309;0.1289;0.1084;0.3192;2
0.1269;0.1232;0.1035;0.3097;2
0.1316;0.126;0.1038;0.3423;2
0.1288;0.128;0.1053;0.3082;2
0.1303;0.1299;0.1068;0.3196;2
0.1267;0.1281;0.1019;0.3376;2
0.1315;0.1265;0.102;0.3319;2
0.1327;0.1278;0.1029;0.3543;2
0.1244;0.1277;0.1028;0.3435;2
0.1282;0.1322;0.1053;0.3478;2
0.126;0.1301;0.1054;0.3354;2
0.1265;0.1282;0.1038;0.3359;2
0.1283;0.1299;0.1056;0.3236;2
0.1237;0.1287;0.1025;0.3344;2
0.1222;0.1282;0.102;0.3345;2
0.12;0.1246;0.1016;0.3312;2
0.1186;0.1229;0.1009;0.3366;2
0.1265;0.1308;0.1061;0.3526;2
0.1273;0.1284;0.1058;0.3471;2
0.1213;0.1214;0.1026;0.2993;2
0.1187;0.1189;0.1;0.2859;2
0.1293;0.1257;0.104;0.3245;2
0.1302;0.1249;0.1024;0.327;2
0.1311;0.1276;0.1056;0.3131;2
0.132;0.1317;0.1062;0.3232;2
0.131;0.1287;0.1037;0.3432;2
0.1297;0.1281;0.1036;0.3464;2
0.125;0.1285;0.1035;0.3416;2
0.1307;0.1326;0.1053;0.3554;2
0.1303;0.1318;0.1064;0.3532;2
0.128;0.1309;0.1052;0.3209;2
0.1267;0.1299;0.1051;0.3318;2
0.1257;0.1288;0.1049;0.3172;2
0.1231;0.1297;0.1029;0.3476;2
0.1217;0.131;0.1025;0.3637;2
0.1257;0.1381;0.1043;0.3917;2
0.1193;0.1305;0.1024;0.3778;2
0.122;0.1267;0.1034;0.3339;2
0.1236;0.1278;0.1032;0.3503;2
0.1317;0.1322;0.1088;0.3606;2
0.1303;0.1275;0.1083;0.3186;2
0.1184;0.1189;0.1004;0.2717;2
0.1164;0.1198;0.0992;0.2959;2
0.1229;0.1266;0.1032;0.3427;2
0.1287;0.1264;0.1033;0.3163;2
0.1324;0.1274;0.1031;0.3325;2
0.1377;0.1274;0.105;0.3211;2
0.1292;0.1304;0.1063;0.3124;2
0.125;0.1283;0.103;0.3255;2
0.126;0.1301;0.1044;0.3476;2
0.133;0.1356;0.1078;0.3518;2
0.1322;0.1331;0.1062;0.3505;2
0.1215;0.1235;0.1013;0.3092;2
0.1251;0.1287;0.1015;0.3389;2
0.1225;0.1269;0.1023;0.3198;2
0.1195;0.1272;0.1016;0.3233;2
0.1205;0.1258;0.1017;0.3245;2
0.1214;0.1289;0.1026;0.3652;2
0.1293;0.1382;0.1035;0.3978;2
0.1321;0.145;0.106;0.4071;2
0.1223;0.1349;0.1024;0.3785;2
0.12;0.1308;0.1038;0.3647;2
0.1187;0.1295;0.1034;0.3582;2
0.1196;0.1283;0.1026;0.3639;2
0.1223;0.1281;0.1037;0.3554;2
0.1231;0.1277;0.1039;0.3411;2
0.1309;0.1311;0.1073;0.3513;2
0.1333;0.131;0.1091;0.3543;2
0.1245;0.1236;0.1044;0.2879;2
0.1145;0.1154;0.0983;0.2502;2
0.1165;0.1211;0.1001;0.3151;2
0.1212;0.1262;0.1028;0.3373;2
0.1229;0.126;0.1032;0.3204;2
0.1277;0.1295;0.1059;0.3194;2
0.1428;0.134;0.11;0.3358;2
0.1308;0.1288;0.1063;0.3039;2
0.1292;0.1321;0.1071;0.3058;2
0.1302;0.1322;0.1072;0.3414;2
0.1342;0.1359;0.1086;0.3525;2
0.1294;0.1307;0.1052;0.3356;2
0.1204;0.1226;0.1003;0.3106;2
0.1245;0.1299;0.1031;0.356;2
0.1308;0.1337;0.1071;0.3523;2
0.1238;0.1315;0.1037;0.3519;2
0.121;0.1293;0.1024;0.3551;2
0.1227;0.1295;0.103;0.3503;2
0.121;0.128;0.1023;0.3423;2
0.1278;0.1369;0.1029;0.3876;2
0.1295;0.1403;0.1058;0.3778;2
0.1237;0.1377;0.1042;0.3891;2
0.1202;0.1285;0.103;0.3442;2
0.1218;0.129;0.1038;0.3438;2
0.1241;0.1308;0.1052;0.3492;2
0.123;0.1284;0.1042;0.3574;2
0.1361;0.1407;0.1137;0.3502;2
0.1207;0.1243;0.1024;0.3383;2
0.1215;0.1255;0.1025;0.3491;2
0.1287;0.1308;0.1065;0.343;2
0.1276;0.1307;0.1052;0.3435;2
0.1278;0.1264;0.1041;0.3103;2
0.1212;0.1186;0.1004;0.2711;2
0.116;0.1179;0.1001;0.2805;2
0.1223;0.1279;0.1024;0.3506;2
0.1192;0.1249;0.1014;0.3453;2
0.1206;0.1235;0.1022;0.3217;2
0.1252;0.1288;0.1044;0.344;2
0.128;0.1284;0.1064;0.3131;2
0.1191;0.1208;0.101;0.2804;2
0.1252;0.1298;0.1056;0.3071;2
0.1308;0.1333;0.1098;0.3169;2
0.1305;0.1318;0.1066;0.34;2
0.1264;0.127;0.1017;0.3255;2
0.1259;0.1259;0.1027;0.3118;2
0.1297;0.1334;0.1076;0.3585;2
0.1307;0.1334;0.1076;0.3364;2
0.1326;0.1329;0.1077;0.3352;2
0.1351;0.1353;0.1096;0.3469;2
0.1255;0.1293;0.1046;0.337;2
0.121;0.1266;0.1021;0.3342;2
0.1236;0.1308;0.1048;0.3528;2
0.1215;0.1264;0.1038;0.3332;2
0.1227;0.1313;0.1044;0.3615;2
0.1274;0.1359;0.104;0.3771;2
0.1295;0.1405;0.1056;0.4003;2
0.1291;0.1418;0.1044;0.4077;2
0.1208;0.1297;0.103;0.3558;2
0.1215;0.1292;0.1032;0.3535;2
0.1229;0.1301;0.103;0.3489;2
0.1204;0.1263;0.1016;0.3451;2
0.1384;0.1409;0.1148;0.3416;2
0.1205;0.1244;0.1019;0.3366;2
0.1202;0.1255;0.1021;0.3485;2
0.1207;0.1269;0.1033;0.3492;2
0.1183;0.1246;0.1022;0.3476;2
0.1319;0.1329;0.1093;0.3418;2
0.1297;0.1311;0.1073;0.328;2
0.1287;0.1289;0.1045;0.3279;2
0.1295;0.1281;0.1025;0.3243;2
0.1221;0.1236;0.1008;0.3064;2
0.1181;0.122;0.1006;0.3057;2
0.1207;0.1248;0.1016;0.3434;2
0.1206;0.1257;0.1025;0.3372;2
0.1267;0.128;0.1061;0.337;2
0.1213;0.1226;0.102;0.2989;2
0.1172;0.1196;0.1008;0.2696;2
0.1202;0.1248;0.1034;0.3108;2
0.1276;0.1339;0.1073;0.3336;2
0.1285;0.1312;0.1065;0.3161;2
0.1229;0.1239;0.1021;0.2915;2
0.125;0.1268;0.1023;0.3157;2
0.1288;0.1307;0.1053;0.3376;2
0.1261;0.1303;0.1054;0.3262;2
0.1254;0.1303;0.1064;0.3181;2
0.1267;0.1297;0.1055;0.3128;2
0.128;0.1264;0.1052;0.3204;2
0.1329;0.1333;0.1087;0.3397;2
0.1225;0.127;0.103;0.3334;2
0.1227;0.1307;0.1032;0.3781;2
0.1224;0.129;0.1012;0.3627;2
0.1217;0.129;0.1047;0.3539;2
0.1214;0.1299;0.1037;0.3537;2
0.1289;0.1416;0.1065;0.4078;2
0.1282;0.1396;0.1045;0.3966;2
0.125;0.1376;0.1046;0.399;2
0.1239;0.137;0.1048;0.3933;2
0.1217;0.13;0.1037;0.3469;2
0.1197;0.1283;0.103;0.3563;2
0.1211;0.128;0.1029;0.3555;2
0.1428;0.1477;0.12;0.3714;2
0.1222;0.1269;0.1023;0.3413;2
0.1223;0.1267;0.1024;0.3452;2
0.1211;0.1266;0.1023;0.3444;2
0.1205;0.1272;0.1032;0.3468;2
0.1238;0.129;0.1038;0.353;2
0.1188;0.1262;0.1015;0.3394;2
0.1213;0.1272;0.1029;0.3445;2
0.1222;0.1235;0.1035;0.2921;2
0.1272;0.1278;0.1061;0.3097;2
0.1266;0.1284;0.1043;0.3129;2
0.1313;0.1315;0.1042;0.3592;2
0.1299;0.1303;0.1038;0.3683;2
0.1233;0.1256;0.1015;0.3464;2
0.1209;0.1252;0.1013;0.3464;2
0.1239;0.126;0.1023;0.3454;2
0.1286;0.1311;0.1075;0.3376;2
0.1193;0.1201;0.1016;0.2793;2
0.1159;0.1196;0.1018;0.2824;2
0.1228;0.1262;0.1039;0.3146;2
0.1233;0.1277;0.1044;0.3282;2
0.123;0.1282;0.1049;0.3192;2
0.1249;0.1283;0.1048;0.3129;2
0.1293;0.1335;0.1078;0.323;2
0.136;0.1375;0.1084;0.3595;2
0.1444;0.1415;0.113;0.374;2
0.1321;0.1339;0.1062;0.3519;2
0.1256;0.1317;0.1054;0.3477;2
0.1262;0.1305;0.1056;0.3381;2
0.1207;0.1223;0.1009;0.2898;2
0.129;0.126;0.1065;0.3022;2
0.1298;0.1335;0.1074;0.3543;2
0.1264;0.1373;0.1054;0.4137;2
0.1201;0.1288;0.103;0.3484;2
0.123;0.1293;0.1022;0.3657;2
0.1247;0.1321;0.1029;0.3785;2
0.1293;0.1377;0.1038;0.4061;2
0.1283;0.1387;0.1028;0.3918;2
0.1274;0.139;0.1029;0.3952;2
0.124;0.1342;0.1025;0.3712;2
0.1232;0.1331;0.1024;0.366;2
0.1255;0.138;0.1052;0.39;2
0.1201;0.1301;0.1025;0.3589;2
0.1206;0.1273;0.1018;0.3515;2
0.1325;0.1397;0.1116;0.3589;2
0.1227;0.1262;0.1028;0.3333;2
0.1204;0.1251;0.1018;0.3506;2
0.1226;0.1286;0.1031;0.3505;2
0.1212;0.1275;0.1038;0.3539;2
0.1215;0.1273;0.102;0.3556;2
0.1217;0.1277;0.1028;0.3471;2
0.1213;0.129;0.1034;0.3483;2
0.1207;0.1274;0.1029;0.3325;2
0.1196;0.1253;0.1027;0.3366;2
0.1205;0.1256;0.104;0.3301;2
0.1265;0.1284;0.1062;0.335;2
0.1246;0.1291;0.105;0.3274;2
0.1186;0.1207;0.1014;0.2809;2
0.1254;0.1275;0.1039;0.3308;2
0.1271;0.1299;0.1036;0.3702;2
0.1243;0.1293;0.1034;0.3758;2
0.124;0.13;0.1029;0.3689;2
0.1222;0.126;0.1027;0.3424;2
0.1245;0.1249;0.1035;0.3171;2
0.1125;0.1153;0.0997;0.262;2
0.1156;0.1218;0.1023;0.3145;2
0.1247;0.1298;0.1063;0.3502;2
0.1229;0.1287;0.1053;0.3361;2
0.1234;0.1299;0.1053;0.3326;2
0.1229;0.1276;0.1049;0.3024;2
0.1208;0.1249;0.1035;0.299;2
0.1277;0.1328;0.108;0.3161;2
0.1264;0.1282;0.1058;0.3218;2
0.1349;0.1298;0.1088;0.3177;2
0.1383;0.1347;0.1105;0.3423;2
0.1274;0.1315;0.1064;0.3289;2
0.1255;0.1289;0.1047;0.3389;2
0.1258;0.1294;0.103;0.3384;2
0.1246;0.1237;0.1033;0.3024;2
0.1291;0.135;0.1022;0.4175;2
0.126;0.1331;0.1023;0.3811;2
0.125;0.1354;0.1045;0.4121;2
0.1214;0.1299;0.105;0.3534;2
0.1209;0.1302;0.1046;0.3479;2
0.1216;0.1331;0.1041;0.3808;2
0.1294;0.1397;0.1049;0.3991;2
0.1298;0.1369;0.1039;0.3899;2
0.1242;0.134;0.1037;0.3872;2
0.1228;0.1341;0.1048;0.38;2
0.1222;0.1313;0.1031;0.3711;2
0.122;0.1337;0.1022;0.3691;2
0.1211;0.1341;0.1037;0.3794;2
0.1199;0.1302;0.1035;0.3778;2
0.125;0.1341;0.1067;0.3588;2
0.1222;0.1298;0.1053;0.3407;2
0.118;0.1246;0.1003;0.3473;2
0.1211;0.1262;0.1029;0.3428;2
0.1224;0.1294;0.1036;0.3499;2
0.1215;0.1296;0.1036;0.3503;2
0.1243;0.1327;0.1057;0.3537;2
0.1211;0.1274;0.1037;0.3349;2
0.1179;0.1251;0.1025;0.3234;2
0.1182;0.1265;0.1037;0.3604;2
0.1167;0.1234;0.1022;0.3483;2
0.1193;0.1264;0.1017;0.3784;2
0.1208;0.1287;0.1034;0.3594;2
0.1199;0.1294;0.1036;0.3713;2
0.1205;0.1258;0.1019;0.3336;2
0.126;0.1256;0.1069;0.2912;2
0.1193;0.1228;0.1033;0.3137;2
0.1242;0.1294;0.1056;0.3543;2
0.1249;0.129;0.1045;0.347;2
0.1245;0.1282;0.1038;0.3529;2
0.1216;0.1274;0.1028;0.365;2
0.1199;0.1271;0.1024;0.3612;2
0.1191;0.1262;0.1023;0.3472;2
0.1151;0.1179;0.0999;0.2857;2
0.1193;0.1269;0.1041;0.3402;2
0.1237;0.1311;0.1053;0.3604;2
0.1278;0.1319;0.1067;0.3288;2
0.1253;0.1284;0.1063;0.2955;2
0.1218;0.1266;0.1041;0.3028;2
0.1226;0.1257;0.1033;0.2811;2
0.1297;0.1344;0.1083;0.3231;2
0.1292;0.1362;0.1084;0.332;2
0.1269;0.1306;0.1069;0.3174;2
0.1307;0.1282;0.1084;0.3147;2
0.1374;0.1309;0.1108;0.3176;2
0.1307;0.132;0.1076;0.3447;2
0.1239;0.1294;0.1039;0.3374;2
0.1291;0.1297;0.1066;0.3314;2
0.128;0.1318;0.1046;0.3488;2
0.1262;0.1337;0.1026;0.4187;2
0.1297;0.1341;0.1022;0.4123;2
0.1245;0.1329;0.1029;0.3932;2
0.1242;0.1318;0.1023;0.3874;2
0.1222;0.1302;0.1047;0.3569;2
0.1237;0.1326;0.1052;0.3601;2
0.1238;0.133;0.1039;0.3744;2
0.1254;0.1349;0.103;0.3844;2
0.1353;0.1403;0.1042;0.4005;2
0.1264;0.1325;0.1031;0.3798;2
0.1235;0.1309;0.1028;0.368;2
0.1236;0.132;0.1041;0.3754;2
0.1216;0.1326;0.1038;0.3771;2
0.1216;0.1314;0.1035;0.3736;2
0.1199;0.1308;0.1032;0.3769;2
0.1223;0.1323;0.1046;0.3728;2
0.1306;0.1384;0.1112;0.3487;2
0.1213;0.1274;0.1029;0.3531;2
0.1218;0.1274;0.1033;0.3478;2
0.1213;0.13;0.1036;0.3524;2
0.1224;0.1295;0.1039;0.361;2
0.1234;0.1308;0.1043;0.3596;2
0.1209;0.1263;0.1021;0.352;2
0.1191;0.1277;0.1029;0.3688;2
0.116;0.1271;0.1018;0.3747;2
0.1193;0.1284;0.1043;0.3858;2
0.1226;0.1314;0.1048;0.3761;2
0.125;0.1314;0.1057;0.3552;2
0.1238;0.1305;0.1057;0.3599;2
0.1249;0.1306;0.1072;0.3468;2
0.1257;0.1331;0.1067;0.3709;2
0.1288;0.1315;0.1076;0.35;2
0.1238;0.1294;0.1048;0.3535;2
0.1221;0.1286;0.1035;0.3535;2
0.1216;0.1266;0.1028;0.3427;2
0.1224;0.1277;0.1043;0.3422;2
0.1235;0.128;0.1054;0.3305;2
0.1242;0.1291;0.1057;0.3286;2
0.1232;0.129;0.1049;0.3636;2
0.1205;0.1264;0.1029;0.3506;2
0.1224;0.1282;0.1047;0.3504;2
0.1203;0.1282;0.1029;0.3608;2
0.1233;0.1282;0.1033;0.3584;2
0.1241;0.1295;0.1046;0.3568;2
0.1262;0.1292;0.1044;0.3264;2
0.1226;0.1253;0.1046;0.2821;2
0.126;0.1297;0.1061;0.3034;2
0.1237;0.1255;0.1042;0.2817;2
0.1261;0.1313;0.1052;0.3279;2
0.1308;0.1337;0.1086;0.3217;2
0.1272;0.1325;0.1066;0.3279;2
0.1248;0.1301;0.1056;0.335;2
0.1248;0.1278;0.1052;0.3086;2
0.132;0.1312;0.1092;0.3293;2
0.1315;0.1282;0.1075;0.3117;2
0.1284;0.1306;0.1067;0.326;2
0.1308;0.1309;0.1074;0.3308;2
0.1366;0.1343;0.1092;0.3604;2
0.1218;0.1336;0.1021;0.3918;2
0.1186;0.1265;0.0996;0.3763;2
0.1242;0.1337;0.1023;0.4208;2
0.1223;0.132;0.1031;0.4015;2
0.1244;0.1348;0.1054;0.3975;2
0.1279;0.1363;0.1047;0.4097;2
0.121;0.1316;0.1047;0.3844;2
0.1207;0.1259;0.1037;0.32;2
0.1228;0.1334;0.1041;0.3716;2
0.1265;0.1362;0.104;0.3798;2
0.1327;0.1377;0.1048;0.3852;2
0.1284;0.1336;0.1041;0.3811;2
0.1234;0.1318;0.1036;0.3707;2
0.1244;0.1329;0.1037;0.3778;2
0.124;0.1323;0.1043;0.3664;2
0.1238;0.1316;0.105;0.3659;2
0.1229;0.1329;0.1054;0.3698;2
0.1224;0.1322;0.1037;0.3798;2
0.1333;0.1397;0.1125;0.3593;2
0.1205;0.1272;0.1035;0.3438;2
0.1203;0.1283;0.1031;0.3577;2
0.1232;0.1305;0.103;0.359;2
0.1259;0.1306;0.1039;0.3483;2
0.1257;0.1343;0.1062;0.3711;2
0.1247;0.1346;0.1051;0.3968;2
0.122;0.1322;0.1035;0.3864;2
0.1185;0.128;0.1032;0.3848;2
0.124;0.1295;0.1065;0.356;2
0.1234;0.1293;0.1042;0.3504;2
0.1246;0.1281;0.104;0.3364;2
0.1227;0.1292;0.1042;0.3545;2
0.132;0.1352;0.1103;0.3693;2
0.1278;0.1286;0.1079;0.3036;2
0.1233;0.1257;0.1045;0.3044;2
0.1254;0.1298;0.1049;0.3372;2
0.1257;0.1305;0.1057;0.3295;2
0.1231;0.1282;0.105;0.335;2
0.1254;0.1294;0.1057;0.3464;2
0.1256;0.1317;0.105;0.3643;2
0.1228;0.1302;0.1037;0.355;2
0.1228;0.129;0.1043;0.3504;2
0.1266;0.13;0.1055;0.3406;2
0.1243;0.128;0.104;0.3498;2
0.1249;0.1304;0.1048;0.356;2
0.1213;0.1276;0.1052;0.3182;2
0.1196;0.127;0.1037;0.3504;2
0.1224;0.1292;0.1034;0.3699;2
0.1216;0.1261;0.1028;0.3315;2
0.1228;0.127;0.1049;0.3139;2
0.1279;0.129;0.1067;0.3032;2
0.1364;0.1376;0.1123;0.3286;2
0.1274;0.1307;0.1052;0.3222;2
0.1288;0.1332;0.1062;0.3328;2
0.1298;0.1337;0.1085;0.3161;2
0.1276;0.1311;0.1078;0.3203;2
0.1254;0.1298;0.1052;0.3381;2
0.1254;0.1303;0.1051;0.3495;2
0.1286;0.1309;0.1062;0.338;2
0.1264;0.1237;0.1045;0.2838;2
0.1329;0.1297;0.1082;0.326;2
0.1333;0.1317;0.1083;0.3426;2
0.1245;0.1229;0.1039;0.3024;2
0.12;0.1312;0.102;0.3651;2
0.1207;0.1308;0.1009;0.3708;2
0.1206;0.1268;0.0999;0.3717;2
0.1216;0.1309;0.1039;0.3831;2
0.1215;0.1312;0.1042;0.3803;2
0.1225;0.1321;0.1032;0.4057;2
0.1218;0.1322;0.1045;0.3808;2
0.1286;0.1315;0.1051;0.3554;2
0.1236;0.1317;0.1045;0.3653;2
0.1251;0.1343;0.1051;0.3699;2
0.1256;0.1307;0.1027;0.3532;2
0.1281;0.1332;0.1042;0.3637;2
0.1279;0.134;0.1052;0.3686;2
0.1258;0.1327;0.104;0.3648;2
0.1231;0.1284;0.1029;0.3394;2
0.1211;0.1279;0.1025;0.3371;2
0.1242;0.1307;0.1057;0.3368;2
0.1224;0.1309;0.104;0.353;2
0.1372;0.143;0.1158;0.3124;2
0.1219;0.1292;0.1046;0.3437;2
0.1219;0.1315;0.104;0.3701;2
0.123;0.1283;0.1023;0.3592;2
0.1267;0.1309;0.1036;0.3748;2
0.1215;0.1303;0.103;0.3654;2
0.123;0.1308;0.1035;0.3585;2
0.1218;0.1314;0.1031;0.3865;2
0.1226;0.1311;0.1033;0.3901;2
0.1241;0.1291;0.1043;0.3438;2
0.1247;0.1305;0.105;0.3455;2
0.1213;0.1283;0.1028;0.3721;2
0.1232;0.1289;0.1045;0.354;2
0.1186;0.1196;0.1005;0.2911;2
0.1208;0.1249;0.1028;0.3179;2
0.1272;0.1327;0.1083;0.3419;2
0.1207;0.1283;0.1035;0.3595;2
0.1234;0.1296;0.104;0.3615;2
0.1255;0.1309;0.1051;0.3474;2
0.1261;0.1313;0.106;0.3346;2
0.1262;0.1303;0.1057;0.3455;2
0.1236;0.1297;0.1034;0.3578;2
0.1264;0.1306;0.1051;0.3492;2
0.1242;0.1311;0.1042;0.3648;2
0.126;0.1315;0.1037;0.3817;2
0.1216;0.1286;0.103;0.3555;2
0.1265;0.1318;0.1085;0.2989;2
0.1275;0.132;0.1078;0.3361;2
0.1278;0.1352;0.107;0.3926;2
0.1248;0.132;0.1051;0.3686;2
0.1339;0.1356;0.1099;0.3319;2
0.1429;0.143;0.1154;0.377;2
0.1357;0.1341;0.1097;0.3583;2
0.1314;0.1344;0.1079;0.3523;2
0.1271;0.1321;0.1071;0.3286;2
0.1266;0.13;0.107;0.3106;2
0.1281;0.1297;0.1065;0.3219;2
0.1282;0.1309;0.1076;0.3466;2
0.1304;0.1306;0.1075;0.3248;2
0.1215;0.1208;0.1023;0.2667;2
0.1254;0.1289;0.1057;0.3055;2
0.1249;0.1251;0.1046;0.3016;2
0.1227;0.1201;0.1027;0.2657;2
0.1175;0.1293;0.1006;0.3624;2
0.1193;0.1301;0.1008;0.3657;2
0.1165;0.1247;0.1003;0.3506;2
0.1186;0.1268;0.1025;0.334;2
0.1164;0.1225;0.1011;0.3247;2
0.1162;0.1252;0.1011;0.3308;2
0.1201;0.1269;0.1027;0.3335;2
0.1219;0.1248;0.1014;0.3141;2
0.1168;0.1229;0.1007;0.3189;2
0.1619;0.1586;0.1252;0.3443;2
0.1307;0.1323;0.1057;0.3295;2
0.1235;0.1269;0.1031;0.33;2
0.1216;0.1263;0.1029;0.3089;2
0.1237;0.1268;0.1024;0.3367;2
0.1242;0.1302;0.1041;0.3517;2
0.1209;0.1322;0.103;0.3748;2
0.1213;0.1298;0.1028;0.3537;2
0.1206;0.129;0.1032;0.3497;2
0.118;0.1276;0.1019;0.3526;2
0.1203;0.1294;0.103;0.3455;2
0.1201;0.1272;0.1033;0.3459;2
0.121;0.1273;0.1033;0.3533;2
0.1215;0.1281;0.1027;0.3553;2
0.124;0.1314;0.1041;0.3651;2
0.1254;0.1349;0.1062;0.3853;2
0.1266;0.1331;0.1049;0.3769;2
0.125;0.131;0.1035;0.381;2
0.1273;0.1324;0.1051;0.3686;2
0.1265;0.1283;0.1041;0.3315;2
0.125;0.1313;0.1057;0.3671;2
0.1308;0.1339;0.1085;0.3843;2
0.1319;0.1354;0.1073;0.3833;2
0.1201;0.1283;0.1023;0.356;2
0.1242;0.1298;0.1044;0.3291;2
0.1235;0.1321;0.1047;0.3623;2
0.1234;0.1315;0.1038;0.3684;2
0.1263;0.1309;0.1049;0.356;2
0.1288;0.133;0.1063;0.3462;2
0.1261;0.1302;0.1046;0.3462;2
0.125;0.131;0.1035;0.3759;2
0.1271;0.1342;0.104;0.3793;2
0.1229;0.1313;0.1036;0.3772;2
0.1217;0.128;0.1021;0.3581;2
0.1243;0.1303;0.1036;0.3642;2
0.121;0.1279;0.1046;0.3367;2
0.1278;0.1313;0.1049;0.3659;2
0.127;0.1309;0.1048;0.3488;2
0.1294;0.1331;0.1082;0.3322;2
0.1394;0.1385;0.1138;0.3517;2
0.1336;0.1303;0.1085;0.3422;2
0.1347;0.1307;0.1094;0.3313;2
0.1358;0.1341;0.1113;0.3396;2
0.132;0.1375;0.1103;0.343;2
0.1263;0.131;0.1065;0.3278;2
0.1336;0.135;0.1096;0.3468;2
0.1225;0.1233;0.103;0.305;2
0.1217;0.1227;0.1029;0.2831;2
0.1278;0.1313;0.1064;0.31;2
0.1284;0.133;0.1071;0.3146;2
0.1324;0.1319;0.1085;0.3107;2
0.1227;0.1261;0.104;0.3157;2
0.1178;0.1275;0.1017;0.3694;2
0.1177;0.1281;0.1018;0.3526;2
0.1173;0.1279;0.1028;0.3615;2
0.1181;0.127;0.1025;0.3481;2
0.1193;0.1282;0.1026;0.3443;2
0.1197;0.13;0.1034;0.3528;2
0.1189;0.1281;0.1027;0.347;2
0.1184;0.127;0.1022;0.3345;2
0.1208;0.1302;0.1037;0.3541;2
0.1431;0.1441;0.1176;0.3081;2
0.1243;0.1283;0.1046;0.3375;2
0.1258;0.1298;0.1036;0.3489;2
0.1229;0.1282;0.1041;0.3517;2
0.1256;0.1298;0.104;0.3518;2
0.1208;0.1257;0.1027;0.332;2
0.1198;0.1275;0.1031;0.3437;2
0.121;0.1286;0.104;0.3451;2
0.1235;0.1324;0.1043;0.3557;2
0.126;0.1375;0.1058;0.3951;2
0.1213;0.1315;0.105;0.3667;2
0.1202;0.1308;0.1039;0.3535;2
0.1244;0.1315;0.1048;0.3583;2
0.1253;0.132;0.1037;0.3671;2
0.1226;0.1282;0.1026;0.3552;2
0.125;0.1309;0.1041;0.3521;2
0.131;0.1358;0.1047;0.3697;2
0.1305;0.1356;0.106;0.3783;2
0.1246;0.1302;0.1042;0.3623;2
0.1275;0.1334;0.106;0.3832;2
0.1352;0.1342;0.1108;0.3349;2
0.1408;0.1338;0.1115;0.3138;2
0.13;0.1307;0.1072;0.3459;2
0.1267;0.1349;0.1057;0.3957;2
0.1287;0.1339;0.1076;0.3662;2
0.1291;0.1332;0.1072;0.3544;2
0.1254;0.1309;0.1056;0.3503;2
0.1235;0.1286;0.1028;0.3479;2
0.1259;0.1305;0.1039;0.3598;2
0.1264;0.1337;0.1045;0.3901;2
0.1293;0.1346;0.1065;0.3817;2
0.1282;0.1288;0.1049;0.3318;2
0.121;0.1282;0.101;0.365;2
0.1236;0.1314;0.1023;0.3918;2
0.1231;0.1293;0.1028;0.3687;2
0.1235;0.1293;0.1042;0.3665;2
0.1258;0.1314;0.1049;0.3501;2
0.1228;0.1278;0.1024;0.3434;2
0.1251;0.1298;0.1048;0.3462;2
0.1256;0.1267;0.1046;0.2995;2
0.1239;0.1226;0.1041;0.2905;2
0.1234;0.1217;0.1032;0.272;2
0.1234;0.124;0.1039;0.2779;2
0.1297;0.1289;0.1081;0.3207;2
0.1336;0.1355;0.1104;0.3462;2
0.12;0.1209;0.102;0.2797;2
0.1229;0.1265;0.1044;0.3114;2
0.1283;0.1318;0.1073;0.3239;2
0.1298;0.1317;0.1073;0.321;2
0.1362;0.1363;0.1116;0.3398;2
0.1203;0.1212;0.1024;0.2795;2
0.1204;0.1249;0.1029;0.2977;2
0.1187;0.129;0.1016;0.3625;2
0.1178;0.1285;0.1023;0.3644;2
0.1197;0.1306;0.1034;0.3704;2
0.1198;0.1293;0.1037;0.3496;2
0.1229;0.129;0.1045;0.3383;2
0.1197;0.1286;0.1027;0.357;2
0.1182;0.126;0.1027;0.3398;2
0.1226;0.1305;0.1042;0.3685;2
0.1254;0.1305;0.1055;0.3482;2
0.1244;0.1308;0.1045;0.3401;2
0.127;0.131;0.1053;0.333;2
0.1272;0.1283;0.1054;0.3271;2
0.1265;0.1283;0.1045;0.321;2
0.1275;0.1326;0.1063;0.3455;2
0.1227;0.1286;0.1043;0.3449;2
0.1214;0.1297;0.1042;0.354;2
0.13;0.131;0.1051;0.364;2
0.1229;0.1292;0.1029;0.3645;2
0.1262;0.1313;0.1051;0.3518;2
0.1326;0.1392;0.1104;0.3904;2
0.1287;0.136;0.1073;0.3836;2
0.1306;0.1321;0.1085;0.347;2
0.1324;0.1346;0.1077;0.3623;2
0.1272;0.1302;0.1027;0.3373;2
0.1287;0.1338;0.1052;0.3648;2
0.1314;0.1389;0.1062;0.3901;2
0.1315;0.1358;0.107;0.3686;2
0.1274;0.1314;0.1044;0.3612;2
0.1254;0.1257;0.1038;0.3089;2
0.1229;0.1239;0.1031;0.2992;2
0.1246;0.1266;0.1051;0.2965;2
0.1258;0.1268;0.1055;0.3308;2
0.1338;0.136;0.1095;0.3626;2
0.1282;0.1307;0.1064;0.3509;2
0.1319;0.1358;0.1081;0.3707;2
0.1248;0.1314;0.1055;0.3579;2
0.1242;0.13;0.1041;0.3505;2
0.1233;0.1305;0.103;0.3656;2
0.13;0.1334;0.1071;0.3684;2
0.1236;0.1241;0.1034;0.308;2
0.1194;0.1259;0.101;0.3565;2
0.1221;0.1321;0.1034;0.3899;2
0.1233;0.1308;0.1025;0.3754;2
0.123;0.1293;0.102;0.3686;2
0.1225;0.1289;0.1025;0.3537;2
0.123;0.1255;0.1032;0.3197;2
0.1266;0.1306;0.1039;0.354;2
0.1257;0.1322;0.1058;0.3629;2
0.1295;0.1304;0.1068;0.3249;2
0.1291;0.1294;0.1066;0.2955;2
0.1241;0.1292;0.1049;0.3096;2
0.1272;0.1301;0.107;0.3134;2
0.125;0.127;0.1061;0.2861;2
0.1181;0.1183;0.1005;0.2731;2
0.1227;0.1276;0.1042;0.319;2
0.1285;0.1305;0.1075;0.3152;2
0.1358;0.1361;0.1101;0.3439;2
0.1336;0.1331;0.1088;0.3269;2
0.117;0.1164;0.0992;0.2576;2
0.1204;0.1251;0.1031;0.3103;2
0.1158;0.1214;0.1007;0.3077;2
0.1218;0.1301;0.1029;0.3635;2
0.1222;0.1303;0.1047;0.357;2
0.1222;0.1301;0.1049;0.3495;2
0.1228;0.1297;0.1059;0.3324;2
0.1177;0.1253;0.1018;0.3269;2
0.1195;0.1279;0.1027;0.347;2
0.1248;0.1299;0.1042;0.3522;2
0.1216;0.1265;0.1034;0.3231;2
0.1255;0.1297;0.1054;0.3224;2
0.1281;0.1287;0.1051;0.3185;2
0.1295;0.1296;0.1062;0.3068;2
0.1252;0.1278;0.1038;0.3192;2
0.1246;0.1264;0.1042;0.3144;2
0.12;0.1251;0.1021;0.3274;2
0.1259;0.1313;0.1053;0.3599;2
0.1314;0.1306;0.1059;0.3309;2
0.1243;0.1305;0.1034;0.3497;2
0.1268;0.132;0.1042;0.3677;2
0.1239;0.126;0.1057;0.3325;2
0.1304;0.1282;0.1088;0.3161;2
0.1307;0.1289;0.109;0.313;2
0.1291;0.1272;0.1074;0.2848;2
0.1279;0.1332;0.1065;0.3474;2
0.1269;0.132;0.1042;0.3688;2
0.1286;0.1337;0.1076;0.3586;2
0.1269;0.1299;0.1058;0.3462;2
0.1232;0.1244;0.1034;0.3066;2
0.1262;0.131;0.1039;0.3643;2
0.1249;0.1279;0.1048;0.3387;2
0.129;0.1323;0.1079;0.332;2
0.1218;0.124;0.1028;0.3029;2
0.1207;0.1221;0.1021;0.2959;2
0.1235;0.1258;0.1031;0.3035;2
0.1287;0.1297;0.1053;0.3371;2
0.1282;0.1337;0.1066;0.3733;2
0.1277;0.1343;0.1066;0.3708;2
0.1287;0.1334;0.1065;0.363;2
0.1229;0.1263;0.103;0.322;2
0.1213;0.1293;0.1024;0.368;2
0.1234;0.1323;0.1032;0.3885;2
0.1229;0.1317;0.1033;0.3962;2
0.1204;0.1282;0.1028;0.3755;2
0.1202;0.1263;0.1018;0.3384;2
0.1186;0.1244;0.1018;0.3345;2
0.119;0.1243;0.1018;0.3285;2
0.1262;0.1323;0.1048;0.3662;2
0.1272;0.1305;0.1047;0.3453;2
0.1295;0.1318;0.1075;0.3376;2
0.1286;0.1279;0.1057;0.3148;2
0.1268;0.1301;0.1063;0.318;2
0.1293;0.1325;0.1092;0.3235;2
0.1308;0.1353;0.1096;0.3355;2
0.1266;0.1307;0.1047;0.3388;2
0.1214;0.1274;0.104;0.3375;2
0.1281;0.1302;0.1071;0.3319;2
0.1258;0.1243;0.1039;0.2919;2
0.1199;0.1208;0.1017;0.2649;2
0.1218;0.1281;0.1034;0.3322;2
0.118;0.1255;0.1023;0.3375;2
0.1156;0.1215;0.0992;0.3149;2
0.1171;0.1231;0.101;0.3066;2
0.1252;0.1311;0.1059;0.3391;2
0.1259;0.133;0.1074;0.3426;2
0.1213;0.1273;0.1036;0.3318;2
0.1215;0.1312;0.1051;0.3479;2
0.1192;0.1275;0.1018;0.3489;2
0.1239;0.1309;0.1039;0.3504;2
0.1232;0.1295;0.1043;0.3552;2
0.1256;0.1328;0.1053;0.3555;2
0.1205;0.1265;0.1017;0.3471;2
0.1229;0.1271;0.1023;0.3235;2
0.1216;0.1274;0.1036;0.33;2
0.1224;0.1239;0.1017;0.3223;2
0.1282;0.1303;0.1052;0.348;2
0.1274;0.1292;0.1048;0.3357;2
0.1214;0.127;0.1023;0.3446;2
0.1236;0.129;0.1039;0.3557;2
0.123;0.1277;0.1036;0.3301;2
0.1227;0.122;0.1042;0.2845;2
0.1235;0.1228;0.1043;0.2783;2
0.1318;0.1305;0.1087;0.3153;2
0.1351;0.1347;0.1113;0.3234;2
0.1316;0.1341;0.1095;0.3329;2
0.1279;0.1319;0.1056;0.368;2
0.1293;0.1304;0.1083;0.3327;2
0.1231;0.1252;0.1039;0.3081;2
0.1279;0.1321;0.1047;0.3672;2
0.1236;0.1309;0.1038;0.3633;2
0.1255;0.1277;0.1035;0.3399;2
0.1291;0.1324;0.1065;0.3329;2
0.1272;0.131;0.1075;0.3166;2
0.1226;0.1268;0.1035;0.3282;2
0.1234;0.1304;0.1026;0.3521;2
0.122;0.1233;0.1029;0.2986;2
0.1176;0.12;0.0999;0.2954;2
0.1209;0.1296;0.1028;0.3568;2
0.1215;0.1271;0.1021;0.3437;2
0.1242;0.1287;0.1032;0.366;2
0.1232;0.1303;0.1026;0.3806;2
0.1222;0.1306;0.1028;0.3734;2
0.1242;0.13;0.1033;0.3603;2
0.1258;0.1319;0.1039;0.3657;2
0.1265;0.1314;0.1034;0.3683;2
0.121;0.1278;0.1028;0.3527;2
0.121;0.1288;0.1033;0.3492;2
0.1274;0.1308;0.1049;0.348;2
0.1281;0.1302;0.1053;0.3366;2
0.1291;0.1296;0.1061;0.3179;2
0.1293;0.1305;0.1069;0.3051;2
0.1331;0.1342;0.1094;0.3306;2
0.1311;0.1345;0.1085;0.3528;2
0.1254;0.1266;0.1057;0.2854;2
0.1189;0.1246;0.1015;0.3173;2
0.1245;0.128;0.1045;0.3328;2
0.1184;0.1176;0.1012;0.2523;2
0.1188;0.1217;0.1006;0.2842;2
0.1235;0.1285;0.104;0.3323;2
0.1188;0.1278;0.1027;0.3455;2
0.1189;0.1271;0.1026;0.355;2
0.1152;0.123;0.1009;0.3253;2
0.1194;0.1241;0.1013;0.3286;2
0.1169;0.1219;0.1015;0.2993;2
0.1187;0.1236;0.101;0.3052;2
0.123;0.1293;0.1033;0.3398;2
0.1242;0.1282;0.1053;0.3361;2
0.1255;0.1316;0.1069;0.3402;2
0.1229;0.1303;0.1048;0.346;2
0.1215;0.1285;0.1035;0.3366;2
0.1225;0.1306;0.1035;0.3681;2
0.1273;0.1345;0.1057;0.3593;2
0.1265;0.1316;0.1056;0.3554;2
0.1289;0.1352;0.1064;0.3733;2
0.1248;0.1298;0.1035;0.3345;2
0.1254;0.1306;0.1036;0.3603;2
0.1257;0.1303;0.1033;0.3615;2
0.123;0.1308;0.103;0.3635;2
0.1246;0.1311;0.1034;0.3703;2
0.1232;0.1264;0.1011;0.3452;2
0.1239;0.1309;0.1037;0.353;2
0.1239;0.1291;0.1047;0.3299;2
0.1263;0.132;0.1073;0.3222;2
0.1278;0.1281;0.1058;0.3233;2
0.1308;0.1307;0.108;0.3364;2
0.1337;0.1339;0.1113;0.3176;2
0.1265;0.1299;0.1044;0.3336;2
0.1229;0.1275;0.1029;0.334;2
0.1193;0.1256;0.1013;0.3493;2
0.1226;0.1294;0.1033;0.3662;2
0.128;0.1346;0.1038;0.3936;2
0.1283;0.1327;0.104;0.378;2
0.1266;0.1304;0.104;0.3538;2
0.129;0.131;0.1064;0.3411;2
0.1278;0.1299;0.1056;0.327;2
0.1237;0.1286;0.1023;0.3442;2
0.1209;0.1272;0.1028;0.3438;2
0.1243;0.1309;0.1041;0.3529;2
0.1222;0.1301;0.1038;0.3829;2
0.1223;0.1303;0.1037;0.3731;2
0.1221;0.127;0.1024;0.3584;2
0.124;0.1308;0.1038;0.3776;2
0.1244;0.132;0.1053;0.3692;2
0.1283;0.1297;0.1042;0.3552;2
0.1252;0.1307;0.1039;0.362;2
0.1261;0.1325;0.104;0.3628;2
0.1236;0.1283;0.1031;0.3485;2
0.1208;0.1259;0.1022;0.3267;2
0.1262;0.1285;0.1031;0.3266;2
0.1283;0.1283;0.104;0.3216;2
0.1293;0.1299;0.1065;0.3174;2
0.1334;0.1336;0.1083;0.3311;2
0.1278;0.1288;0.1053;0.3281;2
0.1202;0.1242;0.1016;0.2949;2
0.1269;0.1299;0.1055;0.3162;2
0.1228;0.1299;0.1034;0.3478;2
0.12;0.125;0.1024;0.3098;2
0.1205;0.1249;0.1033;0.3095;2
0.1255;0.1288;0.1038;0.3221;2
0.1239;0.1293;0.1038;0.3355;2
0.1263;0.1311;0.1056;0.348;2
0.1313;0.1351;0.1082;0.3696;2
0.1143;0.1201;0.0993;0.305;2
0.1191;0.1257;0.1012;0.3362;2
0.115;0.121;0.1001;0.3143;2
0.1151;0.1211;0.0993;0.3309;2
0.1157;0.1223;0.1005;0.322;2
0.1226;0.129;0.1053;0.3276;2
0.1259;0.132;0.1063;0.3604;2
0.1245;0.1309;0.1049;0.3481;2
0.1221;0.1293;0.1037;0.3351;2
0.1233;0.131;0.1049;0.3586;2
0.1265;0.1339;0.1063;0.3659;2
0.1262;0.1333;0.1052;0.355;2
0.1231;0.1284;0.1027;0.34;2
0.1265;0.131;0.1052;0.3621;2
0.124;0.1295;0.1035;0.3601;2
0.1254;0.1329;0.1051;0.3822;2
0.1244;0.1318;0.1039;0.3799;2
0.1243;0.1301;0.1015;0.3656;2
0.1267;0.1333;0.1038;0.3883;2
0.1258;0.1327;0.1043;0.3907;2
0.1288;0.1346;0.1072;0.3629;2
0.1308;0.1371;0.1085;0.3459;2
0.1216;0.1262;0.1032;0.302;2
0.1196;0.1211;0.1017;0.2683;2
0.1313;0.1308;0.1099;0.2846;2
0.1297;0.1358;0.1086;0.3501;2
0.1229;0.1309;0.1034;0.3713;2
0.1249;0.1334;0.1039;0.3869;2
0.125;0.1309;0.1042;0.3704;2
0.1257;0.1334;0.1044;0.3844;2
0.1298;0.1354;0.1052;0.3877;2
0.1288;0.1354;0.1047;0.3867;2
0.124;0.1282;0.1031;0.347;2
0.1285;0.1325;0.1067;0.3562;2
0.1255;0.1337;0.1053;0.3831;2
0.1221;0.1294;0.103;0.3683;2
0.1282;0.1333;0.1077;0.378;2
0.1264;0.1318;0.1055;0.3693;2
0.1242;0.1296;0.104;0.3598;2
0.1223;0.1313;0.1041;0.3799;2
0.1246;0.1311;0.1054;0.3638;2
0.1293;0.1328;0.1073;0.358;2
0.1277;0.1313;0.1065;0.3349;2
0.1249;0.1311;0.1048;0.3614;2
0.1235;0.1288;0.104;0.3601;2
0.1231;0.1293;0.1049;0.3473;2
0.1272;0.1336;0.1066;0.3683;2
0.124;0.1294;0.104;0.3446;2
0.1274;0.1306;0.1035;0.3365;2
0.1264;0.1282;0.105;0.3146;2
0.1258;0.1265;0.1034;0.3076;2
0.1249;0.126;0.1046;0.2866;2
0.1326;0.1354;0.1101;0.32;2
0.1291;0.1343;0.1077;0.3358;2
0.1234;0.1287;0.1028;0.3463;2
0.1256;0.1312;0.1042;0.3597;2
0.1247;0.1317;0.1049;0.3587;2
0.123;0.1281;0.1035;0.3322;2
0.1293;0.1334;0.1063;0.3596;2
0.1366;0.136;0.111;0.3381;2
0.1145;0.1207;0.0991;0.3228;2
0.1148;0.1217;0.0995;0.3111;2
0.1182;0.1254;0.1011;0.3446;2
0.1175;0.1234;0.1017;0.3367;2
0.1169;0.1252;0.102;0.3427;2
0.1175;0.1239;0.1015;0.32;2
0.1201;0.1255;0.1027;0.3175;2
0.1222;0.1282;0.1028;0.3447;2
0.122;0.1282;0.1029;0.3633;2
0.1218;0.1309;0.1039;0.3691;2
0.1233;0.1308;0.1044;0.3539;2
0.1284;0.135;0.1069;0.3551;2
0.1237;0.1314;0.1048;0.3669;2
0.1243;0.131;0.1043;0.3658;2
0.1248;0.1324;0.1052;0.3784;2
0.1254;0.1334;0.1043;0.3774;2
0.1264;0.132;0.1028;0.3836;2
0.125;0.1319;0.1023;0.3834;2
0.1253;0.1324;0.103;0.3704;2
0.1248;0.1306;0.1021;0.3769;2
0.1277;0.1352;0.1059;0.3782;2
0.1261;0.1315;0.105;0.3537;2
0.1295;0.1343;0.1083;0.341;2
0.1297;0.1344;0.1064;0.3559;2
0.1353;0.1355;0.1124;0.3033;2
0.1245;0.1298;0.1054;0.3239;2
0.1257;0.1344;0.1042;0.3819;2
0.124;0.1318;0.1031;0.3789;2
0.1259;0.1321;0.1044;0.3778;2
0.1244;0.1318;0.1044;0.3664;2
0.1305;0.1369;0.1075;0.3714;2
0.1285;0.1345;0.1055;0.3669;2
0.1252;0.1319;0.1047;0.3706;2
0.1234;0.1291;0.1031;0.3551;2
0.1236;0.132;0.104;0.3826;2
0.1239;0.1326;0.104;0.3861;2
0.1233;0.1262;0.1043;0.3333;2
0.1332;0.1342;0.1101;0.3446;2
0.1283;0.1336;0.1085;0.3442;2
0.1244;0.133;0.1065;0.363;2
0.127;0.1319;0.1071;0.3365;2
0.1311;0.1322;0.1087;0.3133;2
0.1274;0.1308;0.106;0.3296;2
0.1258;0.1307;0.1055;0.3413;2
0.1282;0.1334;0.1082;0.3685;2
0.131;0.1332;0.1079;0.3525;2
0.1298;0.1283;0.1076;0.3155;2
0.1234;0.1287;0.1042;0.3178;2
0.1224;0.1294;0.1048;0.3371;2
0.1247;0.1288;0.1038;0.3439;2
0.125;0.125;0.103;0.3009;2
0.1321;0.1323;0.1084;0.3203;2
0.1304;0.1335;0.1078;0.3219;2
0.1289;0.1304;0.107;0.3139;2
0.1263;0.1313;0.1069;0.3465;2
0.1269;0.1295;0.1062;0.3104;2
0.1183;0.1204;0.1004;0.2871;2
0.1246;0.1294;0.1043;0.3311;2
0.1294;0.1289;0.1061;0.3365;2
0.1241;0.1264;0.1043;0.3186;2
0.1155;0.124;0.1007;0.3379;2
0.114;0.1212;0.1006;0.3178;2
0.1149;0.1213;0.1004;0.3318;2
0.1171;0.1226;0.0998;0.3133;2
0.1157;0.1192;0.0991;0.3064;2
0.1173;0.1222;0.1018;0.3066;2
0.1183;0.1237;0.1005;0.314;2
0.1195;0.1254;0.1008;0.3279;2
0.121;0.1283;0.1022;0.3676;2
0.1216;0.1287;0.1023;0.3553;2
0.122;0.13;0.1041;0.3645;2
0.1243;0.1314;0.1049;0.3642;2
0.1266;0.1331;0.1071;0.3663;2
0.1257;0.1325;0.1055;0.3556;2
0.1272;0.1346;0.1062;0.3702;2
0.1269;0.1341;0.1048;0.3809;2
0.127;0.1332;0.1041;0.3744;2
0.1221;0.128;0.1015;0.3664;2
0.1247;0.1314;0.1028;0.3665;2
0.1278;0.1327;0.1037;0.3826;2
0.127;0.1354;0.1059;0.3755;2
0.128;0.1349;0.1044;0.365;2
0.1282;0.1334;0.1061;0.3461;2
0.1294;0.1328;0.1072;0.3363;2
0.1327;0.1326;0.1111;0.3052;2
0.132;0.1371;0.1105;0.3502;2
0.139;0.1408;0.1097;0.379;2
0.13;0.1365;0.1072;0.3891;2
0.1279;0.1358;0.1063;0.3853;2
0.1283;0.1347;0.1068;0.3671;2
0.1315;0.1359;0.1101;0.3301;2
0.1294;0.1322;0.1083;0.3272;2
0.1277;0.1312;0.1071;0.3526;2
0.1256;0.1301;0.1046;0.3584;2
0.1254;0.1312;0.1041;0.3642;2
0.1272;0.1319;0.106;0.3477;2
0.1215;0.1282;0.1035;0.3407;2
0.12;0.1223;0.1032;0.2962;2
0.1286;0.1324;0.1084;0.3282;2
0.1293;0.1337;0.1086;0.3379;2
0.1297;0.131;0.1077;0.325;2
0.1301;0.1303;0.108;0.3074;2
0.1266;0.1281;0.1056;0.329;2
0.1254;0.1311;0.1046;0.3564;2
0.127;0.1283;0.1057;0.3261;2
0.1239;0.125;0.1029;0.3054;2
0.1183;0.1197;0.1008;0.2698;2
0.1224;0.1284;0.1041;0.3206;2
0.1246;0.1311;0.1056;0.3461;2
0.1261;0.1312;0.1041;0.3478;2
0.1263;0.13;0.1044;0.3385;2
0.1316;0.1323;0.1077;0.3164;2
0.1322;0.1333;0.1094;0.3173;2
0.1339;0.1354;0.1106;0.3367;2
0.1222;0.1256;0.1026;0.3187;2
0.1185;0.1217;0.1004;0.2903;2
0.1231;0.1291;0.1037;0.3425;2
0.125;0.1272;0.1031;0.3193;2
0.1211;0.1225;0.1024;0.2903;2
0.1206;0.1225;0.1017;0.3039;2
0.1157;0.123;0.1008;0.3386;2
0.1162;0.1243;0.1007;0.3453;2
0.1136;0.1191;0.0984;0.305;2
0.1128;0.1171;0.0985;0.286;2
0.1175;0.1204;0.1009;0.2977;2
0.1191;0.1253;0.1025;0.3333;2
0.1225;0.1272;0.1023;0.3346;2
0.1188;0.1234;0.1016;0.3191;2
0.1172;0.1228;0.1015;0.3181;2
0.1186;0.1255;0.1026;0.3347;2
0.1246;0.1305;0.1021;0.3662;2
0.1226;0.1312;0.1024;0.3718;2
0.1225;0.1321;0.1045;0.3518;2
0.122;0.1297;0.1028;0.3606;2
0.1191;0.1271;0.1017;0.3581;2
0.1202;0.1277;0.102;0.3772;2
0.1281;0.1325;0.1035;0.3603;2
0.1282;0.1354;0.1042;0.3882;2
0.1235;0.132;0.1036;0.3883;2
0.1255;0.1348;0.1038;0.4007;2
0.1314;0.1387;0.109;0.3767;2
0.1292;0.1363;0.1059;0.3811;2
0.1314;0.1367;0.1054;0.3678;2
0.1292;0.1337;0.1086;0.3356;2
0.1313;0.133;0.1094;0.3205;2
0.1323;0.134;0.1101;0.327;2
0.1275;0.1312;0.1084;0.3362;2
0.1343;0.1382;0.1113;0.3506;2
0.1294;0.1345;0.1084;0.3444;2
0.1302;0.1344;0.1097;0.3359;2
0.1349;0.1346;0.1111;0.3137;2
0.1324;0.1348;0.1097;0.3404;2
0.1294;0.1316;0.1083;0.3258;2
0.1289;0.1322;0.1074;0.3457;2
0.1283;0.132;0.1076;0.3372;2
0.1339;0.1372;0.1112;0.3433;2
0.1426;0.1476;0.1176;0.3755;2
0.1281;0.1345;0.1084;0.339;2
0.1273;0.1308;0.1072;0.3323;2
0.1274;0.1303;0.1076;0.3193;2
0.1296;0.1302;0.1085;0.3168;2
0.1277;0.1327;0.1085;0.3335;2
0.1243;0.1309;0.105;0.3626;2
0.1233;0.13;0.1046;0.3632;2
0.1221;0.1243;0.1033;0.3143;2
0.1188;0.1203;0.1012;0.2863;2
0.1236;0.1294;0.1036;0.3443;2
0.1259;0.1337;0.1065;0.3535;2
0.1314;0.1366;0.1099;0.3711;2
0.1276;0.1332;0.1065;0.3538;2
0.1295;0.1336;0.1074;0.3627;2
0.1345;0.1379;0.1105;0.3893;2
0.1363;0.1385;0.1126;0.3536;2
0.1221;0.1248;0.1034;0.2971;2
0.121;0.1241;0.1024;0.3005;2
0.1245;0.13;0.1046;0.3422;2
0.1212;0.1283;0.1031;0.3447;2
0.1246;0.1298;0.1056;0.3436;2
0.1269;0.1307;0.1058;0.3224;2
0.1316;0.1319;0.1072;0.3169;2
0.1155;0.1241;0.1009;0.3583;2
0.1174;0.1256;0.1019;0.3609;2
0.1173;0.1227;0.1007;0.3243;2
0.1136;0.1194;0.1008;0.2994;2
0.1124;0.1177;0.0989;0.2871;2
0.1175;0.1229;0.0999;0.3044;2
0.1221;0.1273;0.1013;0.3355;2
0.1232;0.1282;0.1033;0.3478;2
0.1228;0.124;0.1015;0.3357;2
0.1201;0.1235;0.1019;0.3276;2
0.124;0.1296;0.1028;0.3658;2
0.1247;0.1327;0.1035;0.3887;2
0.1204;0.1319;0.1032;0.3902;2
0.1207;0.1315;0.1029;0.3833;2
0.1216;0.1287;0.104;0.3764;2
0.1224;0.1299;0.1022;0.3607;2
0.1258;0.1344;0.1039;0.3793;2
0.1242;0.1322;0.1037;0.364;2
0.1332;0.1365;0.1092;0.3864;2
0.1403;0.1428;0.1153;0.3901;2
0.129;0.1339;0.1073;0.3443;2
0.1266;0.1356;0.1053;0.3765;2
0.1274;0.1321;0.1063;0.3475;2
0.1324;0.1331;0.1085;0.3221;2
0.1273;0.1296;0.1028;0.3491;2
0.1226;0.127;0.102;0.3276;2
0.1263;0.1283;0.1077;0.3153;2
0.1279;0.1319;0.1079;0.3427;2
0.1329;0.1375;0.1089;0.3595;2
0.1359;0.1367;0.1098;0.3619;2
0.1304;0.1316;0.1071;0.3203;2
0.1267;0.1288;0.106;0.3199;2
0.127;0.1317;0.1071;0.3358;2
0.1268;0.1318;0.1071;0.3285;2
0.1412;0.1441;0.1163;0.3658;2
0.1545;0.154;0.125;0.3565;2
0.123;0.1272;0.1054;0.2862;2
0.1288;0.1331;0.1091;0.3308;2
0.13;0.1336;0.1085;0.3335;2
0.1286;0.1318;0.1078;0.323;2
0.1273;0.1288;0.1064;0.3207;2
0.1292;0.1321;0.1084;0.3245;2
0.1285;0.133;0.1077;0.3455;2
0.1274;0.1315;0.1069;0.3518;2
0.1254;0.13;0.1056;0.3544;2
0.1249;0.1307;0.1058;0.3486;2
0.1286;0.1336;0.1074;0.36;2
0.1301;0.1334;0.1098;0.3355;2
0.1297;0.1313;0.1079;0.328;2
0.1305;0.1312;0.1066;0.3279;2
0.1364;0.1332;0.1104;0.3614;2
0.1317;0.132;0.1072;0.3713;2
0.1366;0.1353;0.1117;0.3476;2
0.1313;0.1334;0.1087;0.3287;2
0.1264;0.1319;0.1057;0.3451;2
0.1245;0.1313;0.1046;0.3439;2
0.1243;0.1303;0.1051;0.3361;2
0.1304;0.1324;0.1083;0.3275;2
0.1371;0.1376;0.1117;0.3321;2
0.1173;0.1242;0.1026;0.3487;2
0.1171;0.1248;0.1016;0.3466;2
0.1162;0.1204;0.1003;0.318;2
0.1144;0.1198;0.1003;0.3013;2
0.1168;0.122;0.1014;0.308;2
0.1172;0.1222;0.101;0.318;2
0.1221;0.1277;0.1029;0.3477;2
0.1225;0.1269;0.1017;0.3374;2
0.1252;0.1274;0.1011;0.3473;2
0.1282;0.1319;0.1036;0.3797;2
0.1271;0.134;0.1035;0.3829;2
0.1274;0.134;0.1045;0.3813;2
0.1246;0.1346;0.1048;0.3972;2
0.1262;0.1368;0.1046;0.4156;2
0.1241;0.1323;0.1042;0.3755;2
0.1226;0.1327;0.1035;0.389;2
0.1258;0.1349;0.1054;0.3891;2
0.1219;0.1304;0.1041;0.3758;2
0.1268;0.1295;0.1071;0.3275;2
0.1385;0.1372;0.116;0.3288;2
0.1337;0.1383;0.1085;0.3682;2
0.1256;0.1334;0.1041;0.3752;2
0.1312;0.134;0.1083;0.3496;2
0.1337;0.1326;0.1085;0.3182;2
0.1305;0.1374;0.1061;0.389;2
0.1294;0.1345;0.1078;0.3603;2
0.1303;0.1311;0.1085;0.3041;2
0.1247;0.1262;0.1054;0.3053;2
0.119;0.1247;0.1011;0.3142;2
0.1341;0.1314;0.1099;0.3512;2
0.1273;0.1305;0.1053;0.3589;2
0.1266;0.1314;0.1043;0.3459;2
0.13;0.135;0.1064;0.3566;2
0.1507;0.1556;0.123;0.3922;2
0.1379;0.1419;0.1155;0.3107;2
0.1216;0.1249;0.1035;0.2909;2
0.13;0.1334;0.1089;0.3384;2
0.1291;0.1333;0.1076;0.3323;2
0.1248;0.1321;0.1053;0.3571;2
0.1223;0.1277;0.1035;0.3427;2
0.125;0.1283;0.1032;0.3505;2
0.127;0.1305;0.1057;0.332;2
0.1295;0.1308;0.108;0.3199;2
0.129;0.1299;0.107;0.3165;2
0.1268;0.1302;0.1064;0.3257;2
0.1246;0.1307;0.1069;0.3389;2
0.1232;0.1272;0.105;0.3134;2
0.1278;0.1269;0.1067;0.3;2
0.1212;0.1217;0.102;0.2778;2
0.1265;0.1267;0.1052;0.2956;2
0.1313;0.1276;0.1083;0.3089;2
0.1358;0.1326;0.1103;0.331;2
0.135;0.1315;0.11;0.3224;2
0.1407;0.1392;0.1131;0.3347;2
0.1329;0.136;0.1097;0.3295;2
0.1263;0.1327;0.1066;0.35;2
0.1295;0.1354;0.1084;0.3434;2
0.1335;0.1363;0.1112;0.3387;2
0.1275;0.1273;0.1063;0.3159;2
0.1164;0.126;0.1013;0.3557;2
0.116;0.1225;0.101;0.3345;2
0.1173;0.1237;0.1015;0.3389;2
0.1178;0.1227;0.101;0.3234;2
0.117;0.1216;0.101;0.3071;2
0.1168;0.123;0.1009;0.3255;2
0.1213;0.1282;0.102;0.3609;2
0.1271;0.1294;0.1035;0.3478;2
0.1314;0.1338;0.1028;0.3868;2
0.126;0.1324;0.1012;0.3977;2
0.1295;0.1334;0.1022;0.3887;2
0.1271;0.1309;0.1025;0.3733;2
0.1241;0.1309;0.1034;0.3751;2
0.1247;0.13;0.1036;0.3662;2
0.1241;0.1331;0.1036;0.3914;2
0.1221;0.1304;0.1031;0.3766;2
0.1204;0.1305;0.1031;0.3834;2
0.1209;0.1297;0.1026;0.3712;2
0.1232;0.1334;0.1044;0.39;2
0.1245;0.1321;0.105;0.3664;2
0.1287;0.1278;0.1092;0.2941;2
0.1221;0.1234;0.1032;0.2936;2
0.1285;0.1372;0.1055;0.3803;2
0.1284;0.131;0.1062;0.336;2
0.1258;0.1298;0.1035;0.3548;2
0.1261;0.1295;0.1042;0.3534;2
0.1321;0.1313;0.108;0.3233;2
0.1343;0.1344;0.1104;0.3362;2
0.1309;0.132;0.1102;0.3023;2
0.1262;0.1339;0.1059;0.377;2
0.125;0.1294;0.1048;0.3387;2
0.1323;0.1312;0.1082;0.3475;2
0.1379;0.1404;0.1097;0.382;2
0.1593;0.1637;0.1269;0.4162;2
0.1441;0.147;0.1184;0.3533;2
0.137;0.1377;0.1123;0.3272;2
0.1253;0.1342;0.1058;0.3751;2
0.1268;0.1336;0.1046;0.364;2
0.1279;0.1312;0.106;0.3337;2
0.1251;0.13;0.1042;0.3434;2
0.1255;0.132;0.1038;0.3715;2
0.1244;0.1296;0.1035;0.364;2
0.1243;0.1291;0.1042;0.3497;2
0.1249;0.1303;0.1047;0.3524;2
0.1249;0.1291;0.1048;0.3381;2
0.1239;0.1321;0.1054;0.3674;2
0.1236;0.1307;0.1056;0.3411;2
0.1205;0.1284;0.1048;0.3236;2
0.1222;0.1239;0.1033;0.2891;2
0.1291;0.1324;0.1071;0.3355;2
0.1301;0.1326;0.108;0.3339;2
0.1283;0.1287;0.107;0.3075;2
0.1295;0.1278;0.107;0.2972;2
0.1311;0.1302;0.1076;0.326;2
0.1284;0.1286;0.1057;0.3209;2
0.1264;0.1298;0.1055;0.3163;2
0.1335;0.1342;0.1095;0.3249;2
0.1429;0.1422;0.1166;0.3411;2
0.1197;0.1193;0.1016;0.2771;2
0.1157;0.119;0.0994;0.2787;2
0.1176;0.1278;0.1018;0.3561;2
0.1172;0.1241;0.1015;0.3356;2
0.1175;0.1249;0.1014;0.3288;2
0.1168;0.1209;0.1002;0.323;2
0.1193;0.1248;0.1023;0.3261;2
0.1189;0.1271;0.1008;0.3401;2
0.1216;0.1274;0.0993;0.3527;2
0.1262;0.1304;0.1007;0.3696;2
0.1322;0.1347;0.1033;0.3962;2
0.1274;0.1325;0.1015;0.4017;2
0.1355;0.139;0.1043;0.4026;2
0.1327;0.1363;0.103;0.404;2
0.1274;0.1327;0.104;0.387;2
0.1283;0.1339;0.1042;0.3851;2
0.1303;0.1334;0.1046;0.3817;2
0.1305;0.1352;0.1045;0.3938;2
0.1309;0.1351;0.1053;0.3859;2
0.1262;0.1328;0.1045;0.3782;2
0.1242;0.1284;0.1026;0.353;2
0.1202;0.1268;0.1018;0.3422;2
0.1201;0.1248;0.1023;0.3154;2
0.1252;0.1299;0.1035;0.3486;2
0.1288;0.1342;0.1062;0.355;2
0.1302;0.1343;0.1064;0.3612;2
0.1298;0.1348;0.1047;0.3746;2
0.1256;0.1302;0.104;0.3582;2
0.1385;0.1375;0.1124;0.3552;2
0.1315;0.1335;0.1082;0.3588;2
0.1292;0.1314;0.1081;0.3145;2
0.1298;0.1341;0.1084;0.3487;2
0.128;0.1333;0.1076;0.3558;2
0.1425;0.1407;0.1138;0.3538;2
0.1589;0.1612;0.1277;0.395;2
0.1409;0.1421;0.1158;0.3575;2
0.1395;0.1363;0.1141;0.3281;2
0.1263;0.1273;0.1057;0.2955;2
0.128;0.1355;0.1066;0.359;2
0.1232;0.1309;0.1043;0.3666;2
0.127;0.1309;0.1059;0.3319;2
0.1323;0.135;0.1083;0.3433;2
0.1275;0.134;0.1052;0.3732;2
0.1227;0.1295;0.103;0.3727;2
0.1252;0.1322;0.105;0.3658;2
0.1268;0.1295;0.1057;0.3464;2
0.1252;0.1311;0.1041;0.3546;2
0.1251;0.1322;0.105;0.3606;2
0.1215;0.1292;0.104;0.357;2
0.1237;0.1307;0.1046;0.3531;2
0.1246;0.1294;0.1057;0.3254;2
0.1257;0.1297;0.107;0.3212;2
0.1269;0.1305;0.1067;0.3187;2
0.1271;0.1304;0.1063;0.3262;2
0.1257;0.1274;0.105;0.3154;2
0.1254;0.1263;0.1051;0.3117;2
0.1182;0.1196;0.1008;0.28;2
0.1258;0.132;0.1062;0.3299;2
0.1391;0.1366;0.1124;0.3199;2
0.1211;0.1192;0.1023;0.2605;2
0.1187;0.1235;0.1021;0.2979;2
0.1203;0.1291;0.104;0.3481;2
0.1182;0.1259;0.1017;0.3351;2
0.116;0.1248;0.1014;0.3415;2
0.1188;0.1259;0.1019;0.3469;2
0.1246;0.1311;0.1033;0.3607;2
0.1224;0.1296;0.1017;0.3513;2
0.1238;0.1302;0.1022;0.347;2
0.1256;0.13;0.101;0.3537;2
0.1317;0.137;0.1047;0.4038;2
0.129;0.1347;0.1032;0.3844;2
0.1282;0.1325;0.1025;0.3779;2
0.1326;0.1368;0.1046;0.4048;2
0.1301;0.1372;0.1044;0.402;2
0.1317;0.1352;0.1037;0.3913;2
0.1337;0.1365;0.1043;0.3871;2
0.1376;0.1344;0.1049;0.3738;2
0.1336;0.1336;0.1048;0.388;2
0.1369;0.1354;0.1054;0.3882;2
0.1325;0.136;0.106;0.3877;2
0.1291;0.1351;0.1061;0.3969;2
0.1265;0.1349;0.104;0.3983;2
0.1231;0.1295;0.1026;0.3605;2
0.1287;0.1333;0.104;0.3696;2
0.1289;0.1335;0.1038;0.3703;2
0.1312;0.1344;0.1049;0.3716;2
0.132;0.134;0.1046;0.3708;2
0.1322;0.1338;0.1063;0.3582;2
0.1251;0.1231;0.1032;0.2807;2
0.1276;0.1265;0.1058;0.3173;2
0.1319;0.1339;0.1084;0.3479;2
0.131;0.1326;0.1094;0.3127;2
0.1487;0.1528;0.1225;0.3673;2
0.1407;0.1445;0.1165;0.337;2
0.1347;0.1342;0.1118;0.344;2
0.1296;0.1288;0.1069;0.3061;2
0.1185;0.1199;0.101;0.2734;2
0.1306;0.1345;0.1083;0.3274;2
0.1305;0.1358;0.109;0.3387;2
0.1281;0.1357;0.1064;0.3661;2
0.1307;0.1349;0.108;0.3464;2
0.1327;0.1356;0.1096;0.3208;2
0.1289;0.1317;0.1075;0.3442;2
0.1261;0.1319;0.1044;0.3619;2
0.1234;0.1281;0.1038;0.3588;2
0.1244;0.1302;0.1041;0.364;2
0.1312;0.1358;0.1075;0.3791;2
0.1318;0.1346;0.1087;0.366;2
0.1224;0.1313;0.104;0.3709;2
0.1248;0.1338;0.1057;0.3745;2
0.1223;0.1304;0.1035;0.3597;2
0.1231;0.1321;0.104;0.3741;2
0.1217;0.1294;0.1032;0.3553;2
0.1262;0.1324;0.1055;0.3661;2
0.1231;0.1292;0.104;0.3611;2
0.1199;0.1233;0.1023;0.3018;2
0.1227;0.1288;0.1041;0.3317;2
0.1249;0.1308;0.1053;0.3468;2
0.1247;0.1296;0.1063;0.292;2
0.1226;0.1287;0.105;0.3127;2
0.1232;0.1299;0.1056;0.3402;2
0.1209;0.1276;0.1022;0.3358;2
0.1228;0.1323;0.1022;0.3771;2
0.1261;0.1346;0.1035;0.3867;2
0.1297;0.1355;0.1041;0.3782;2
0.1249;0.1303;0.1024;0.3626;2
0.1271;0.1319;0.1029;0.3558;2
0.1271;0.1291;0.1023;0.3531;2
0.1274;0.1328;0.1037;0.3748;2
0.1297;0.1374;0.1037;0.395;2
0.1307;0.1339;0.1034;0.3721;2
0.1291;0.1346;0.1027;0.3886;2
0.1376;0.1379;0.1052;0.3879;2
0.1358;0.1371;0.1045;0.3896;2
0.1343;0.1353;0.1033;0.3841;2
0.1355;0.1331;0.104;0.378;2
0.1386;0.1378;0.1054;0.3894;2
0.1381;0.1351;0.1048;0.3834;2
0.1269;0.1326;0.1038;0.3681;2
0.126;0.1292;0.1029;0.3416;2
0.1277;0.1315;0.1027;0.3614;2
0.1317;0.1346;0.1025;0.3796;2
0.1332;0.1351;0.1031;0.3838;2
0.1334;0.1373;0.1047;0.398;2
0.1322;0.1346;0.1031;0.381;2
0.1346;0.1337;0.1045;0.3623;2
0.131;0.1314;0.105;0.3463;2
0.1293;0.13;0.1052;0.3311;2
0.1245;0.1224;0.1031;0.2871;2
0.1339;0.1324;0.1101;0.339;2
0.1461;0.1477;0.1205;0.336;2
0.1259;0.1279;0.1056;0.2804;2
0.1272;0.1293;0.1058;0.3075;2
0.1257;0.1249;0.105;0.3243;2
0.1217;0.1248;0.1021;0.3083;2
0.1292;0.1347;0.107;0.3556;2
0.1335;0.136;0.1106;0.3344;2
0.1355;0.1365;0.1115;0.3204;2
0.1342;0.1351;0.1096;0.3299;2
0.132;0.1357;0.1096;0.3322;2
0.1302;0.1328;0.1082;0.3308;2
0.1316;0.1339;0.1097;0.3256;2
0.1228;0.133;0.1046;0.3726;2
0.1276;0.1344;0.1052;0.3843;2
0.1303;0.1337;0.1083;0.3666;2
0.1268;0.1278;0.1056;0.3317;2
0.1245;0.1244;0.1039;0.3051;2
0.1266;0.1322;0.1041;0.3593;2
0.1272;0.1329;0.1062;0.3531;2
0.1241;0.1327;0.104;0.3629;2
0.1228;0.1319;0.1055;0.3802;2
0.125;0.1331;0.1057;0.3712;2
0.1242;0.1313;0.1057;0.3657;2
0.1242;0.131;0.1044;0.3564;2
0.1235;0.131;0.1045;0.3435;2
0.124;0.1318;0.1054;0.3419;2
0.1259;0.1314;0.1053;0.3433;2
0.1283;0.1324;0.1077;0.3193;2
0.1214;0.1292;0.1041;0.3457;2
0.1281;0.1324;0.1082;0.3306;2
0.1276;0.1343;0.1035;0.3887;2
0.1298;0.1351;0.1041;0.3725;2
0.1334;0.1366;0.1061;0.3705;2
0.1308;0.1355;0.1051;0.3714;2
0.1261;0.1337;0.1044;0.3781;2
0.1288;0.1345;0.1036;0.3665;2
0.126;0.1345;0.1055;0.3784;2
0.1265;0.1359;0.1043;0.3879;2
0.1267;0.1324;0.1033;0.3773;2
0.1283;0.1332;0.103;0.3714;2
0.1354;0.1363;0.105;0.3851;2
0.1346;0.1387;0.1041;0.4004;2
0.1385;0.1388;0.1047;0.3967;2
0.1376;0.1342;0.104;0.3748;2
0.1363;0.1371;0.1041;0.3852;2
0.1376;0.1374;0.1047;0.3873;2
0.1332;0.1355;0.1043;0.3767;2
0.1333;0.1364;0.1036;0.395;2
0.1337;0.1358;0.1035;0.3926;2
0.1308;0.1379;0.1027;0.3987;2
0.1328;0.1384;0.1043;0.3908;2
0.1339;0.1364;0.104;0.3824;2
0.1321;0.1362;0.1044;0.3821;2
0.1356;0.1346;0.1046;0.3698;2
0.1326;0.1338;0.104;0.3631;2
0.1329;0.1297;0.1049;0.3376;2
0.1463;0.1436;0.1157;0.3608;2
0.1354;0.1365;0.1135;0.2962;2
0.1217;0.1256;0.1031;0.3069;2
0.1328;0.1337;0.1098;0.3378;2
0.135;0.1349;0.1099;0.3196;2
0.1273;0.1281;0.1047;0.3091;2
0.1361;0.1369;0.1089;0.3616;2
0.1285;0.1344;0.1053;0.3607;2
0.1291;0.1306;0.1051;0.3325;2
0.1282;0.1303;0.1062;0.3091;2
0.1366;0.1349;0.1101;0.3103;2
0.1355;0.137;0.1103;0.3236;2
0.1264;0.1288;0.1053;0.3104;2
0.1269;0.1302;0.1066;0.3222;2
0.1268;0.1322;0.1057;0.3358;2
0.1235;0.1306;0.1049;0.3354;2
0.1243;0.1286;0.1058;0.3282;2
0.1209;0.1225;0.1035;0.2929;2
0.125;0.1282;0.1023;0.3279;2
0.1262;0.1344;0.1045;0.3787;2
0.1257;0.1322;0.1053;0.3541;2
0.124;0.1291;0.1048;0.3379;2
0.1217;0.1289;0.104;0.3379;2
0.1218;0.1304;0.104;0.3601;2
0.1234;0.129;0.1042;0.344;2
0.1242;0.1322;0.1057;0.3644;2
0.1234;0.1308;0.1044;0.3663;2
0.1241;0.1317;0.1057;0.3471;2
0.1264;0.1329;0.1065;0.3398;2
0.1268;0.1318;0.108;0.3163;2
0.1293;0.1335;0.1075;0.3628;2
0.1305;0.1329;0.1078;0.3519;2
0.1286;0.1355;0.1045;0.3714;2
0.1334;0.1374;0.1064;0.3697;2
0.1259;0.1298;0.102;0.3391;2
0.126;0.1336;0.1039;0.3751;2
0.1254;0.1387;0.1043;0.4024;2
0.1198;0.1288;0.102;0.3432;2
0.1237;0.1289;0.1018;0.3384;2
0.1302;0.1339;0.1039;0.3778;2
0.1307;0.1353;0.1038;0.387;2
0.1315;0.135;0.1038;0.3794;2
0.1347;0.1397;0.1038;0.3917;2
0.139;0.1397;0.1051;0.386;2
0.1421;0.1386;0.1044;0.3861;2
0.1383;0.1375;0.1048;0.3847;2
0.1317;0.1337;0.1042;0.368;2
0.1334;0.1357;0.1041;0.3818;2
0.1334;0.1361;0.1032;0.3845;2
0.1362;0.135;0.1041;0.3743;2
0.13;0.1337;0.1035;0.373;2
0.1298;0.1353;0.1037;0.3799;2
0.129;0.1349;0.1031;0.3981;2
0.1311;0.1379;0.1034;0.4001;2
0.132;0.1362;0.1039;0.3894;2
0.1396;0.1369;0.1076;0.3824;2
0.1519;0.1507;0.1201;0.385;2
0.1267;0.1261;0.1058;0.2786;2
0.1282;0.131;0.1048;0.3518;2
0.1284;0.1314;0.1055;0.3455;2
0.129;0.1293;0.1057;0.3264;2
0.1341;0.1346;0.1095;0.3289;2
0.127;0.1319;0.1061;0.3476;2
0.1278;0.1269;0.1061;0.3214;2
0.1371;0.1387;0.109;0.3842;2
0.132;0.1365;0.1081;0.3628;2
0.1309;0.1338;0.1068;0.3598;2
0.1292;0.1297;0.1035;0.3322;2
0.1367;0.1363;0.1085;0.3678;2
0.1304;0.1361;0.1076;0.3909;2
0.129;0.1334;0.1054;0.3589;2
0.128;0.1319;0.1052;0.3655;2
0.1247;0.1321;0.1044;0.3602;2
0.1202;0.1219;0.1003;0.2949;2
0.1278;0.1296;0.1034;0.3249;2
0.131;0.1341;0.1066;0.3546;2
0.1286;0.1328;0.1056;0.3445;2
0.1248;0.1316;0.1043;0.3483;2
0.1198;0.1292;0.1023;0.3626;2
0.1216;0.1303;0.1031;0.3636;2
0.1247;0.1328;0.1044;0.3747;2
0.1244;0.1324;0.105;0.3655;2
0.1241;0.1314;0.1053;0.3532;2
0.125;0.1335;0.1059;0.3631;2
0.1227;0.1312;0.1053;0.3611;2
0.135;0.1398;0.1115;0.35;2
0.1349;0.1376;0.1112;0.3413;2
0.1272;0.1257;0.1061;0.3072;2
0.1305;0.1298;0.1069;0.3244;2
0.1348;0.1368;0.1059;0.3587;2
0.1333;0.1384;0.1051;0.3689;2
0.1286;0.1332;0.104;0.363;2
0.126;0.133;0.1034;0.372;2
0.1243;0.1297;0.1024;0.3536;2
0.1239;0.1282;0.1022;0.3458;2
0.126;0.1299;0.1025;0.3663;2
0.1282;0.1344;0.1039;0.3738;2
0.1288;0.1353;0.1039;0.3787;2
0.1347;0.1373;0.1049;0.3989;2
0.1377;0.1376;0.1057;0.3759;2
0.1405;0.1382;0.1048;0.3766;2
0.1429;0.1395;0.1057;0.3906;2
0.1331;0.1339;0.1039;0.3641;2
0.1284;0.131;0.1049;0.344;2
0.1334;0.1327;0.1038;0.3626;2
0.1366;0.1375;0.1051;0.3843;2
0.1304;0.1314;0.104;0.3528;2
0.1286;0.1324;0.1036;0.3786;2
0.1252;0.1287;0.1019;0.3617;2
0.1282;0.1352;0.1033;0.3773;2
0.1462;0.1478;0.1122;0.4163;2
0.1454;0.1468;0.1178;0.3676;2
0.1187;0.1191;0.0989;0.2749;2
0.1298;0.1315;0.1032;0.3631;2
0.131;0.1308;0.1058;0.3487;2
0.1279;0.131;0.1061;0.343;2
0.132;0.1331;0.109;0.3308;2
0.1353;0.1338;0.1103;0.3112;2
0.1291;0.1327;0.107;0.3392;2
0.1253;0.1298;0.1033;0.3553;2
0.1252;0.1245;0.104;0.3041;2
0.1303;0.1328;0.1072;0.3273;2
0.1335;0.1285;0.1048;0.3212;2
0.1516;0.1431;0.1159;0.362;2
0.145;0.1381;0.1153;0.325;2
0.127;0.1258;0.1034;0.3043;2
0.1262;0.1315;0.1041;0.3598;2
0.1274;0.1341;0.1045;0.374;2
0.1253;0.1329;0.1047;0.3641;2
0.1295;0.1334;0.1048;0.3704;2
0.1267;0.1328;0.1044;0.3683;2
0.1288;0.1338;0.1072;0.347;2
0.1298;0.1348;0.1071;0.3585;2
0.1247;0.1336;0.1039;0.3728;2
0.1238;0.1329;0.1045;0.3725;2
0.1223;0.1313;0.1039;0.3678;2
0.1229;0.1337;0.104;0.3774;2
0.1218;0.1308;0.1052;0.3649;2
0.122;0.131;0.1047;0.3626;2
0.122;0.1323;0.1038;0.3659;2
0.134;0.1399;0.1112;0.374;2
0.1478;0.1444;0.1184;0.3338;2
0.1286;0.126;0.107;0.2749;2
0.1263;0.1253;0.1052;0.2987;2
0.1304;0.1363;0.1047;0.3648;2
0.1291;0.139;0.1056;0.3891;2
0.1244;0.1329;0.1031;0.3688;2
0.1275;0.1334;0.1036;0.3645;2
0.1235;0.1323;0.1034;0.3844;2
0.1254;0.1348;0.1035;0.3873;2
0.1286;0.135;0.1038;0.3943;2
0.1306;0.1354;0.1043;0.3881;2
0.1327;0.1356;0.1043;0.3924;2
0.1307;0.1311;0.1032;0.3623;2
0.1406;0.1394;0.1044;0.3785;2
0.1396;0.1343;0.1038;0.3656;2
0.1378;0.1358;0.1043;0.3731;2
0.1267;0.1318;0.1039;0.353;2
0.1319;0.1338;0.1042;0.3735;2
0.1303;0.1313;0.1036;0.3468;2
0.1301;0.1312;0.1035;0.3486;2
0.131;0.1309;0.1037;0.3521;2
0.1343;0.1378;0.1059;0.3837;2
0.1486;0.1492;0.1169;0.3986;2
0.1348;0.1407;0.1129;0.3417;2
0.1226;0.1255;0.1009;0.3192;2
0.1355;0.1384;0.1052;0.4008;2
0.1373;0.139;0.1053;0.3972;2
0.1318;0.1322;0.1059;0.3513;2
0.1297;0.1314;0.1064;0.3482;2
0.1333;0.1321;0.1084;0.3289;2
0.1327;0.1316;0.108;0.3128;2
0.1277;0.1308;0.1055;0.3405;2
0.1276;0.1304;0.1034;0.3488;2
0.1241;0.1259;0.1029;0.3225;2
0.1273;0.1298;0.1052;0.3221;2
0.1497;0.1425;0.1148;0.3567;2
0.1411;0.1342;0.1131;0.2824;2
0.1201;0.116;0.1004;0.2263;2
0.1265;0.1306;0.1036;0.3337;2
0.1286;0.134;0.1061;0.3608;2
0.1265;0.1329;0.1054;0.3634;2
0.1279;0.1337;0.105;0.3744;2
0.129;0.1321;0.1058;0.3498;2
0.128;0.1345;0.1063;0.3601;2
0.1295;0.1354;0.1063;0.3545;2
0.1294;0.1339;0.107;0.3166;2
0.1268;0.1328;0.1054;0.3628;2
0.1259;0.1341;0.1063;0.3789;2
0.1274;0.1362;0.1068;0.3669;2
0.124;0.1334;0.1057;0.3733;2
0.1232;0.1337;0.106;0.3693;2
0.1227;0.1327;0.1056;0.3536;2
0.1223;0.1315;0.1043;0.3556;2
0.1281;0.1299;0.1071;0.3053;2
0.1217;0.1237;0.1036;0.2657;2
0.1175;0.1254;0.1019;0.311;2
0.1159;0.1203;0.1011;0.2811;2
0.1274;0.1373;0.106;0.3864;2
0.1265;0.1353;0.1044;0.3896;2
0.1256;0.1351;0.1042;0.3853;2
0.1242;0.1302;0.1028;0.3567;2
0.124;0.1304;0.1035;0.3656;2
0.129;0.1347;0.1049;0.3893;2
0.1297;0.1377;0.1043;0.3858;2
0.1373;0.137;0.1047;0.3812;2
0.1348;0.1339;0.1039;0.3758;2
0.1359;0.1346;0.1052;0.3631;2
0.1353;0.1368;0.1055;0.3781;2
0.138;0.1376;0.1053;0.3866;2
0.1314;0.1351;0.1056;0.3716;2
0.1289;0.1346;0.1058;0.3748;2
0.1328;0.1369;0.1042;0.3947;2
0.1336;0.1356;0.1058;0.3712;2
0.135;0.1361;0.1067;0.3694;2
0.163;0.1585;0.1259;0.4001;2
0.1358;0.1347;0.1106;0.3017;2
0.1293;0.1312;0.1029;0.3502;2
0.1352;0.1389;0.1041;0.3918;2
0.1374;0.1392;0.1058;0.4015;2
0.1351;0.1374;0.1062;0.3859;2
0.1318;0.1324;0.1055;0.3475;2
0.1295;0.1293;0.1055;0.3348;2
0.1269;0.1312;0.1055;0.3473;2
0.1304;0.1319;0.1078;0.3311;2
0.1289;0.1324;0.1062;0.3397;2
0.1316;0.1357;0.1076;0.3666;2
0.1297;0.135;0.1052;0.3835;2
0.1263;0.1298;0.1043;0.3412;2
0.1287;0.1274;0.1052;0.2857;2
0.1226;0.1193;0.1006;0.2522;2
0.1321;0.1317;0.1053;0.335;2
0.1278;0.136;0.1064;0.3689;2
0.1294;0.1334;0.105;0.3698;2
0.1346;0.1355;0.1069;0.3781;2
0.1283;0.133;0.1053;0.3602;2
0.1312;0.1354;0.1072;0.3568;2
0.1338;0.1392;0.1095;0.3822;2
0.1348;0.1384;0.11;0.3734;2
0.1318;0.1355;0.1089;0.3326;2
0.1261;0.132;0.1058;0.3288;2
0.1289;0.1327;0.1066;0.3244;2
0.1267;0.1322;0.1051;0.3274;2
0.1266;0.1357;0.1048;0.3604;2
0.127;0.134;0.1067;0.357;2
0.1297;0.137;0.1076;0.3518;2
0.13;0.1361;0.1084;0.3496;2
0.1274;0.134;0.108;0.3322;2
0.1272;0.1338;0.107;0.3505;2
0.1212;0.1289;0.1032;0.346;2
0.1186;0.1285;0.1027;0.3425;2
0.1221;0.1305;0.1038;0.3387;2
0.126;0.1331;0.1046;0.371;2
0.1255;0.1314;0.1041;0.3771;2
0.1234;0.1309;0.1045;0.3807;2
0.1255;0.1329;0.1036;0.378;2
0.128;0.1348;0.1044;0.3676;2
0.133;0.1344;0.1052;0.3637;2
0.1385;0.1358;0.1057;0.3757;2
0.1392;0.1357;0.1054;0.3717;2
0.1379;0.1327;0.1047;0.3575;2
0.1342;0.134;0.1039;0.3674;2
0.1371;0.1335;0.1047;0.371;2
0.132;0.1347;0.1047;0.3706;2
0.128;0.1314;0.1035;0.356;2
0.1354;0.1367;0.1079;0.3735;2
0.1536;0.1526;0.1211;0.3769;2
0.1314;0.1297;0.1072;0.2989;2
0.1365;0.1344;0.1054;0.354;2
0.1327;0.131;0.1039;0.3491;2
0.1346;0.1341;0.1043;0.3573;2
0.1313;0.1312;0.1028;0.3543;2
0.1353;0.1374;0.1063;0.3859;2
0.1294;0.132;0.1052;0.3486;2
0.1313;0.132;0.1051;0.3511;2
0.1267;0.1299;0.1035;0.3497;2
0.129;0.1327;0.105;0.3547;2
0.1302;0.1328;0.1065;0.3462;2
0.1308;0.1332;0.1082;0.3341;2
0.1303;0.1322;0.1078;0.3365;2
0.1352;0.1397;0.1083;0.3986;2
0.1324;0.1383;0.1089;0.38;2
0.1361;0.136;0.1077;0.3415;2
0.1306;0.1318;0.1066;0.335;2
0.1308;0.1314;0.106;0.3473;2
0.1358;0.1364;0.1067;0.3645;2
0.1312;0.1325;0.1058;0.3457;2
0.1368;0.1383;0.1095;0.3525;2
0.1422;0.14;0.1131;0.3524;2
0.1317;0.1324;0.1071;0.3399;2
0.131;0.1299;0.1073;0.3138;2
0.1351;0.1367;0.1108;0.3262;2
0.1448;0.1472;0.1159;0.3772;2
0.1329;0.1397;0.1093;0.3483;2
0.1224;0.1293;0.1039;0.3159;2
0.1211;0.1269;0.1021;0.3059;2
0.1188;0.1242;0.1006;0.29;2
0.1258;0.1297;0.1051;0.3141;2
0.1207;0.1222;0.1021;0.2851;2
0.1259;0.127;0.1032;0.278;2
0.1288;0.1275;0.1059;0.2947;2
0.1273;0.1316;0.1052;0.3378;2
0.1279;0.133;0.1067;0.3679;2
0.1261;0.1351;0.1053;0.3782;2
0.1298;0.1349;0.1083;0.3525;2
0.127;0.1331;0.104;0.3703;2
0.1261;0.1308;0.1042;0.3434;2
0.1254;0.1333;0.1038;0.3806;2
0.1279;0.1352;0.1044;0.3823;2
0.1271;0.1319;0.1034;0.3489;2
0.1253;0.1279;0.1026;0.3237;2
0.1323;0.1331;0.105;0.3424;2
0.1361;0.1344;0.1062;0.3545;2
0.1365;0.1338;0.1058;0.3562;2
0.1383;0.1387;0.1069;0.3892;2
0.1333;0.1361;0.1057;0.3827;2
0.1391;0.1418;0.1105;0.3894;2
0.1582;0.1558;0.1233;0.3617;2
0.127;0.1273;0.1042;0.2973;2
0.1252;0.1266;0.102;0.3179;2
0.1245;0.1271;0.1018;0.3233;2
0.1257;0.1274;0.1016;0.3287;2
0.127;0.1275;0.1012;0.3366;2
0.1282;0.1273;0.1018;0.3429;2
0.1276;0.1289;0.102;0.3319;2
0.1318;0.1331;0.1044;0.3632;2
0.1319;0.1318;0.1033;0.3551;2
0.1348;0.135;0.1047;0.3735;2
0.1321;0.1337;0.1059;0.3645;2
0.1308;0.1331;0.1076;0.3476;2
0.1271;0.131;0.1052;0.3558;2
0.1373;0.1381;0.1104;0.3733;2
0.1283;0.1286;0.1067;0.3264;2
0.1164;0.1178;0.1;0.2588;2
0.1225;0.1246;0.1031;0.2932;2
0.1277;0.1316;0.1058;0.3353;2
0.1316;0.135;0.1075;0.3601;2
0.1321;0.1354;0.1058;0.3742;2
0.1303;0.1367;0.1067;0.3768;2
0.1323;0.1331;0.1081;0.3327;2
0.1275;0.1292;0.105;0.3369;2
0.1276;0.1298;0.1067;0.3302;2
0.1412;0.1383;0.1146;0.3254;2
0.1547;0.1501;0.1237;0.3326;2
0.1362;0.1365;0.1115;0.2951;2
0.1244;0.1297;0.1046;0.3377;2
0.1272;0.134;0.1068;0.3666;2
0.1289;0.1355;0.1059;0.3739;2
0.13;0.1365;0.1064;0.3839;2
0.1278;0.1325;0.1055;0.336;2
0.1237;0.1303;0.1034;0.3599;2
0.1256;0.1321;0.104;0.3511;2
0.124;0.1266;0.1025;0.3159;2
0.122;0.1274;0.102;0.3272;2
0.1215;0.1215;0.1012;0.2755;2
0.1228;0.1245;0.102;0.2856;2
0.1244;0.1259;0.1032;0.3115;2
0.1223;0.1304;0.1041;0.3625;2
0.125;0.1338;0.1044;0.3865;2
0.1267;0.1328;0.1049;0.3795;2
0.1302;0.135;0.1043;0.3662;2
0.1295;0.132;0.1033;0.3517;2
0.1319;0.1338;0.1055;0.358;2
0.13;0.1316;0.1041;0.3523;2
0.1333;0.1331;0.1053;0.3466;2
0.1308;0.1331;0.106;0.3467;2
0.1546;0.1541;0.1194;0.4061;2
0.1375;0.138;0.1123;0.3162;2
0.1256;0.126;0.1006;0.3239;2
0.1396;0.1425;0.1061;0.4135;2
0.1327;0.1366;0.1047;0.3865;2
0.1287;0.1287;0.1021;0.3426;2
0.1296;0.1285;0.1031;0.3428;2
0.1355;0.1326;0.1045;0.3631;2
0.1319;0.1307;0.1026;0.3627;2
0.1339;0.1364;0.1039;0.3811;2
0.137;0.1372;0.1047;0.3746;2
0.1342;0.1344;0.1049;0.3591;2
0.1322;0.134;0.1044;0.3685;2
0.1251;0.1316;0.1032;0.3695;2
0.1299;0.1332;0.107;0.349;2
0.1295;0.1346;0.1064;0.3743;2
0.1275;0.1244;0.1049;0.2949;2
0.1171;0.1153;0.098;0.2516;2
0.126;0.1308;0.1048;0.3309;2
0.13;0.1339;0.1054;0.3528;2
0.1301;0.1343;0.1073;0.3485;2
0.1339;0.1338;0.1096;0.317;2
0.1338;0.1333;0.1095;0.3071;2
0.1328;0.1315;0.11;0.3058;2
0.1316;0.1312;0.1091;0.3037;2
0.1386;0.1371;0.1125;0.3268;2
0.1536;0.1501;0.1231;0.3406;2
0.148;0.1442;0.1182;0.331;2
0.1328;0.1307;0.108;0.3262;2
0.1337;0.1334;0.1081;0.3307;2
0.1295;0.1342;0.1072;0.3384;2
0.1288;0.1354;0.1083;0.3469;2
0.1312;0.1373;0.107;0.3732;2
0.1312;0.1366;0.1078;0.3645;2
0.1264;0.1319;0.1055;0.3472;2
0.1269;0.1346;0.1056;0.3693;2
0.129;0.1331;0.1066;0.3394;2
0.1303;0.134;0.1071;0.3419;2
0.1256;0.1325;0.1042;0.3758;2
0.1288;0.1344;0.1062;0.3548;2
0.1284;0.1328;0.1053;0.3587;2
0.1289;0.1325;0.1054;0.3578;2
0.1266;0.13;0.104;0.3322;2
0.1257;0.134;0.1049;0.3842;2
0.125;0.1328;0.1045;0.3746;2
0.1235;0.1307;0.1034;0.3675;2
0.1251;0.1308;0.1032;0.3484;2
0.1272;0.1291;0.1043;0.3349;2
0.1277;0.1317;0.1044;0.3444;2
0.1317;0.1336;0.106;0.3461;2
0.1635;0.1606;0.1255;0.4063;2
0.1415;0.1396;0.1137;0.3074;2
0.1363;0.1342;0.104;0.3574;2
0.1452;0.1412;0.1069;0.3993;2
0.1379;0.1372;0.1047;0.3919;2
0.1326;0.1351;0.1048;0.3727;2
0.1354;0.1354;0.1037;0.3708;2
0.134;0.1305;0.1042;0.3402;2
0.1336;0.1307;0.1032;0.3513;2
0.1297;0.1286;0.1022;0.3429;2
0.1313;0.136;0.103;0.3781;2
0.1385;0.142;0.1058;0.3997;2
0.138;0.1415;0.1065;0.4055;2
0.1346;0.1377;0.1045;0.3937;2
0.1273;0.1345;0.1034;0.3831;2
0.1283;0.1333;0.1055;0.3593;2
0.1284;0.1317;0.1034;0.3709;2
0.1194;0.1222;0.0994;0.3077;2
0.1284;0.1328;0.1036;0.3661;2
0.1298;0.1357;0.1055;0.3734;2
0.133;0.1328;0.1049;0.3608;2
0.1259;0.1287;0.1024;0.3276;2
0.1298;0.1321;0.1054;0.337;2
0.1314;0.1328;0.1083;0.326;2
0.1405;0.1398;0.1136;0.3488;2
0.1452;0.1426;0.1165;0.3345;2
0.1272;0.1269;0.1055;0.2728;2
0.1273;0.1278;0.1067;0.3004;2
0.1302;0.1293;0.1052;0.3312;2
0.1241;0.1245;0.1024;0.2997;2
0.1205;0.1201;0.1009;0.267;2
0.1288;0.1336;0.1075;0.324;2
0.129;0.1329;0.1072;0.3259;2
0.1305;0.1341;0.108;0.3344;2
0.1282;0.1335;0.1071;0.3419;2
0.126;0.1339;0.1055;0.364;2
0.1242;0.1296;0.1042;0.35;2
0.1284;0.1321;0.1054;0.3553;2
0.1262;0.1311;0.1049;0.3532;2
0.1272;0.1317;0.104;0.3536;2
0.1326;0.1355;0.1074;0.3562;2
0.1314;0.1321;0.1073;0.34;2
0.1255;0.1294;0.1032;0.3442;2
0.134;0.1364;0.1088;0.3646;2
0.1243;0.1327;0.1048;0.3729;2
0.1267;0.1331;0.1045;0.3624;2
0.1284;0.1366;0.1051;0.3731;2
0.1278;0.1317;0.1051;0.3551;2
0.1315;0.1355;0.1053;0.3565;2
0.137;0.1428;0.1116;0.3616;2
0.1354;0.1391;0.1115;0.3244;2
0.1345;0.1329;0.1041;0.3384;2
0.1432;0.1423;0.1069;0.4012;2
0.1427;0.1426;0.1068;0.408;2
0.136;0.1342;0.1039;0.3718;2
0.1301;0.1309;0.1021;0.3613;2
0.1364;0.1363;0.1052;0.3772;2
0.1341;0.1316;0.1036;0.3394;2
0.1353;0.1322;0.1034;0.3561;2
0.1311;0.1342;0.1038;0.3594;2
0.1363;0.1433;0.1054;0.4034;2
0.1381;0.1443;0.1056;0.4137;2
0.1377;0.1407;0.1051;0.3943;2
0.1386;0.1415;0.1055;0.411;2
0.1349;0.1372;0.104;0.3943;2
0.1311;0.1354;0.104;0.3921;2
0.1363;0.1383;0.1063;0.3883;2
0.133;0.1342;0.1054;0.3718;2
0.1317;0.1352;0.1053;0.3796;2
0.1265;0.1319;0.1034;0.3611;2
0.1258;0.1303;0.1025;0.3567;2
0.1293;0.1339;0.1051;0.3788;2
0.1439;0.1459;0.1129;0.3954;2
0.1403;0.1411;0.114;0.3337;2
0.1251;0.1269;0.104;0.2834;2
0.1252;0.13;0.1057;0.3293;2
0.1287;0.1364;0.1063;0.3726;2
0.1298;0.1319;0.1073;0.3127;2
0.121;0.1212;0.1011;0.2625;2
0.1278;0.1296;0.1061;0.294;2
0.1306;0.1337;0.1076;0.3274;2
0.1286;0.1322;0.1046;0.3512;2
0.1332;0.1353;0.1051;0.3709;2
0.1294;0.1333;0.1063;0.354;2
0.1266;0.1319;0.1055;0.3379;2
0.1238;0.1316;0.1038;0.3596;2
0.1255;0.1307;0.1038;0.365;2
0.1279;0.1329;0.1055;0.3552;2
0.1245;0.1285;0.1047;0.3433;2
0.124;0.1296;0.1025;0.3467;2
0.1252;0.1287;0.1036;0.3224;2
0.1265;0.1279;0.1031;0.335;2
0.1325;0.1303;0.1071;0.3279;2
0.1349;0.1305;0.1087;0.3234;2
0.1359;0.1327;0.1104;0.31;2
0.1262;0.1333;0.1042;0.3644;2
0.128;0.1359;0.1054;0.3728;2
0.1295;0.1339;0.1057;0.3692;2
0.1354;0.1401;0.1084;0.378;2
0.1305;0.1372;0.1064;0.3724;2
0.1278;0.1319;0.1042;0.3468;2
0.1434;0.1424;0.1071;0.3792;2
0.1399;0.1395;0.1069;0.382;2
0.138;0.138;0.1051;0.3828;2
0.1417;0.1381;0.1056;0.392;2
0.1397;0.1388;0.1056;0.3987;2
0.1389;0.1352;0.1057;0.384;2
0.1332;0.1328;0.1034;0.3685;2
0.1369;0.1347;0.1046;0.3633;2
0.1389;0.1424;0.1069;0.3947;2
0.139;0.1435;0.106;0.4061;2
0.1345;0.1366;0.104;0.387;2
0.1331;0.1356;0.1029;0.3722;2
0.1358;0.1421;0.1059;0.4076;2
0.1343;0.1387;0.1046;0.3994;2
0.1384;0.138;0.1063;0.3934;2
0.1333;0.1362;0.1049;0.3795;2
0.1337;0.1333;0.1053;0.3574;2
0.1317;0.1323;0.105;0.3537;2
0.1317;0.1359;0.106;0.3761;2
0.1457;0.1471;0.1139;0.3962;2
0.146;0.1435;0.1151;0.3361;2
0.1254;0.1277;0.1039;0.2946;2
0.1311;0.1322;0.1058;0.3344;2
0.1307;0.1344;0.1074;0.3452;2
0.1279;0.1323;0.1055;0.3383;2
0.1294;0.1354;0.1059;0.3492;2
0.1308;0.134;0.1076;0.3408;2
0.131;0.1359;0.1072;0.3379;2
0.1312;0.1318;0.1067;0.3246;2
0.1321;0.1346;0.1068;0.3299;2
0.1325;0.1348;0.1076;0.3438;2
0.1304;0.1341;0.1066;0.3568;2
0.1294;0.1338;0.1055;0.3449;2
0.1281;0.1345;0.1061;0.3534;2
0.1277;0.1347;0.1072;0.3463;2
0.1257;0.1314;0.1049;0.3495;2
0.1229;0.1316;0.1032;0.3594;2
0.1281;0.1328;0.1052;0.3544;2
0.1296;0.1365;0.1057;0.3652;2
0.1279;0.1333;0.105;0.3569;2
0.1275;0.1276;0.1044;0.3255;2
0.1381;0.1332;0.111;0.3334;2
0.1267;0.1221;0.1036;0.2744;2
0.1179;0.1222;0.0999;0.3013;2
0.1333;0.1373;0.1078;0.3815;2
0.1396;0.1446;0.1129;0.3742;2
0.1313;0.1402;0.1079;0.3871;2
0.1316;0.1389;0.1072;0.3772;2
0.132;0.1368;0.1049;0.3758;2
0.1363;0.1406;0.1066;0.3817;2
0.1357;0.139;0.1063;0.3794;2
0.1378;0.1403;0.1059;0.3972;2
0.144;0.1421;0.1073;0.4105;2
0.1379;0.1351;0.1042;0.3704;2
0.1365;0.1318;0.1039;0.3559;2
0.1386;0.1384;0.1058;0.3886;2
0.1392;0.1369;0.1063;0.3677;2
0.1417;0.1407;0.1058;0.3853;2
0.1408;0.141;0.106;0.3849;2
0.1442;0.1412;0.1055;0.3907;2
0.1415;0.1446;0.1057;0.4162;2
0.1379;0.1385;0.1045;0.3843;2
0.1362;0.1373;0.1052;0.3834;2
0.1346;0.1349;0.1048;0.3723;2
0.1373;0.1372;0.1071;0.3712;2
0.1389;0.1368;0.1074;0.3663;2
0.1519;0.1481;0.1153;0.3824;2
0.1458;0.1415;0.1123;0.3299;2
0.125;0.1252;0.1026;0.2856;2
0.1255;0.1332;0.1038;0.3646;2
0.1284;0.1358;0.1054;0.3895;2
0.1268;0.1333;0.1036;0.364;2
0.1296;0.1364;0.1058;0.3654;2
0.1299;0.1374;0.106;0.3857;2
0.1309;0.136;0.1063;0.3657;2
0.1295;0.1342;0.1066;0.3493;2
0.1283;0.1334;0.1053;0.3604;2
0.129;0.1321;0.1064;0.3393;2
0.1301;0.133;0.1062;0.3396;2
0.13;0.1319;0.1064;0.3348;2
0.1363;0.1382;0.1089;0.3675;2
0.1387;0.1389;0.1105;0.3679;2
0.1311;0.136;0.1061;0.35;2
0.1298;0.1333;0.1076;0.3206;2
0.1281;0.1324;0.1063;0.3271;2
0.1239;0.1303;0.1041;0.3461;2
0.1249;0.1303;0.1034;0.3555;2
0.1253;0.1296;0.1033;0.3462;2
0.123;0.1278;0.1023;0.3487;2
0.1233;0.1285;0.1029;0.3481;2
0.1193;0.1181;0.0997;0.263;2
0.1227;0.1261;0.102;0.3071;2
0.1298;0.1332;0.1067;0.3414;2
0.1336;0.1352;0.1084;0.3477;2
0.1322;0.141;0.1076;0.3685;2
0.128;0.1359;0.1063;0.3729;2
0.1257;0.1334;0.1049;0.3701;2
0.1301;0.1375;0.1066;0.3703;2
0.1295;0.1366;0.1045;0.3683;2
0.1315;0.1355;0.1049;0.3611;2
0.1356;0.1372;0.1062;0.3693;2
0.1371;0.1361;0.1058;0.3804;2
0.1397;0.1324;0.1049;0.3581;2
0.1364;0.1334;0.1045;0.3694;2
0.1316;0.1311;0.1032;0.3531;2
0.1362;0.1361;0.1053;0.3736;2
0.1384;0.1342;0.1058;0.3565;2
0.1402;0.1386;0.1063;0.3793;2
0.1412;0.1395;0.1052;0.3798;2
0.1377;0.1377;0.1038;0.3777;2
0.1355;0.1366;0.1046;0.3774;2
0.1364;0.137;0.1059;0.3677;2
0.1403;0.141;0.1078;0.3954;2
0.157;0.1534;0.1196;0.3978;2
0.142;0.1381;0.1128;0.3015;2
0.1246;0.1248;0.102;0.2774;2
0.1324;0.1329;0.1035;0.3575;2
0.1332;0.1413;0.107;0.4148;2
0.1305;0.1398;0.1062;0.3959;2
0.1286;0.1354;0.1051;0.3663;2
0.127;0.1366;0.1047;0.3943;2
0.1272;0.1362;0.1055;0.3783;2
0.1271;0.1345;0.1048;0.3662;2
0.1279;0.135;0.1065;0.3578;2
0.1308;0.1336;0.1072;0.3279;2
0.1321;0.1358;0.108;0.3365;2
0.1309;0.1337;0.1077;0.3309;2
0.1286;0.1327;0.1069;0.3355;2
0.1367;0.1375;0.1091;0.3688;2
0.1326;0.133;0.1066;0.3604;2
0.1241;0.125;0.103;0.3227;2
0.1283;0.1285;0.1035;0.307;2
0.129;0.133;0.1062;0.3296;2
0.1302;0.1335;0.1075;0.3269;2
0.1268;0.1291;0.1056;0.3164;2
0.1283;0.1301;0.1055;0.3271;2
0.127;0.131;0.1046;0.344;2
0.1274;0.1313;0.1053;0.3363;2
0.1275;0.131;0.1053;0.3377;2
0.1279;0.1319;0.105;0.3422;2
0.1267;0.133;0.1047;0.3437;2
0.1314;0.1355;0.1084;0.341;2
0.1289;0.1314;0.1074;0.3158;2
0.1244;0.1283;0.1033;0.335;2
0.1293;0.1377;0.1063;0.3816;2
0.1278;0.1349;0.1062;0.363;2
0.1272;0.1343;0.1047;0.3785;2
0.1302;0.1382;0.1067;0.3821;2
0.1289;0.1367;0.1048;0.3663;2
0.1292;0.133;0.1036;0.361;2
0.1312;0.134;0.1043;0.3606;2
0.1332;0.1338;0.1046;0.3626;2
0.1347;0.1337;0.1046;0.3597;2
0.1346;0.1378;0.1058;0.3921;2
0.1352;0.1342;0.1039;0.3595;2
0.1338;0.1353;0.1039;0.351;2
0.137;0.1367;0.1053;0.3538;2
0.1388;0.1401;0.1056;0.3786;2
0.1377;0.1395;0.1048;0.3745;2
0.1402;0.141;0.1073;0.3865;2
0.1622;0.1573;0.1232;0.3889;2
0.1469;0.1411;0.1165;0.3033;2
0.1274;0.1267;0.1038;0.2796;2
0.1303;0.1321;0.1031;0.3503;2
0.1383;0.1399;0.1055;0.4031;2
0.1311;0.1374;0.1058;0.3936;2
0.127;0.1328;0.1045;0.3595;2
0.1252;0.1337;0.1035;0.3792;2
0.1298;0.1364;0.1044;0.3849;2
0.1252;0.1345;0.103;0.3803;2
0.1269;0.1352;0.1046;0.3835;2
0.128;0.1353;0.1052;0.3755;2
0.1288;0.1354;0.1059;0.3726;2
0.1313;0.1321;0.1068;0.3229;2
0.1318;0.1329;0.1083;0.3148;2
0.1333;0.1334;0.1099;0.301;2
0.1303;0.1339;0.1075;0.3203;2
0.1255;0.124;0.1027;0.3285;2
0.119;0.1171;0.0981;0.2781;2
0.1218;0.1231;0.1003;0.2815;2
0.1313;0.1317;0.1064;0.3211;2
0.1276;0.1308;0.1061;0.3367;2
0.1249;0.1294;0.1041;0.3361;2
0.1266;0.1306;0.1054;0.3395;2
0.126;0.1311;0.1033;0.3569;2
0.1249;0.1323;0.1044;0.3478;2
0.1277;0.129;0.1041;0.34;2
0.1272;0.13;0.1049;0.3437;2
0.1299;0.1327;0.1055;0.3459;2
0.1331;0.1351;0.1093;0.3344;2
0.131;0.1311;0.1073;0.314;2
0.1258;0.13;0.1045;0.3376;2
0.1278;0.1322;0.1046;0.3552;2
0.1312;0.1374;0.106;0.3783;2
0.1258;0.1278;0.1034;0.3259;2
0.1241;0.1307;0.1032;0.3495;2
0.1293;0.1326;0.1055;0.3473;2
0.128;0.13;0.1046;0.3319;2
0.1289;0.1318;0.1052;0.3419;2
0.1351;0.1366;0.1058;0.3643;2
0.1371;0.138;0.1055;0.3745;2
0.1345;0.1363;0.1047;0.3663;2
0.1362;0.1378;0.1054;0.3695;2
0.1368;0.1361;0.1048;0.3597;2
0.1344;0.1357;0.1047;0.3516;2
0.1571;0.1523;0.1187;0.3933;2
0.1594;0.1505;0.1226;0.3342;2
0.1352;0.1299;0.1085;0.2754;2
0.1319;0.129;0.1043;0.3279;2
0.1328;0.1322;0.1033;0.3592;2
0.1374;0.1375;0.1042;0.3872;2
0.139;0.1405;0.106;0.4002;2
0.1318;0.1345;0.104;0.3637;2
0.1329;0.1394;0.1064;0.3965;2
0.1314;0.138;0.1055;0.3998;2
0.1304;0.1362;0.1042;0.3867;2
0.1291;0.1366;0.1047;0.3737;2
0.126;0.1343;0.1041;0.3735;2
0.1282;0.1341;0.1052;0.3648;2
0.1284;0.1336;0.1059;0.3454;2
0.1289;0.1336;0.1062;0.3282;2
0.1286;0.1297;0.1061;0.308;2
0.1315;0.132;0.1075;0.3195;2
0.1325;0.1331;0.1055;0.3313;2
0.1223;0.125;0.1018;0.3069;2
0.1225;0.1275;0.1013;0.3369;2
0.129;0.1338;0.1056;0.3527;2
0.1301;0.1329;0.1063;0.3351;2
0.13;0.1303;0.1065;0.3256;2
0.1257;0.1315;0.1049;0.3368;2
0.1289;0.1339;0.1058;0.3688;2
0.1271;0.1313;0.1044;0.3511;2
0.1271;0.1322;0.1059;0.355;2
0.1277;0.1302;0.1044;0.3462;2
0.1298;0.1319;0.1052;0.3355;2
0.13;0.1317;0.1062;0.3255;2
0.1309;0.1299;0.1071;0.2988;2
0.1438;0.1479;0.1131;0.3865;2
0.1494;0.1502;0.1163;0.3486;2
0.1462;0.1478;0.1147;0.3316;2
0.1401;0.1424;0.1112;0.3347;2
0.1332;0.1326;0.1071;0.3252;2
0.1346;0.1347;0.1054;0.349;2
0.1314;0.1339;0.1047;0.3417;2
0.1322;0.1346;0.1037;0.3568;2
0.1322;0.1348;0.104;0.3608;2
0.1342;0.1339;0.1042;0.3464;2
0.1348;0.1383;0.1045;0.3631;2
0.129;0.1285;0.1038;0.3041;2
0.1283;0.1221;0.103;0.2643;2
0.1352;0.1297;0.1066;0.3116;2
0.1301;0.1285;0.1024;0.3302;2
0.1351;0.1332;0.104;0.3612;2
0.1394;0.1389;0.1048;0.3874;2
0.1339;0.1361;0.1022;0.3724;2
0.1309;0.1375;0.1043;0.3783;2
0.1259;0.1339;0.1032;0.3753;2
0.1308;0.1359;0.1056;0.378;2
0.1287;0.1342;0.1046;0.3723;2
0.1303;0.1336;0.1055;0.3547;2
0.1275;0.1324;0.105;0.346;2
0.1278;0.1311;0.1051;0.3313;2
0.1272;0.1317;0.1039;0.3388;2
0.1279;0.1315;0.1042;0.3431;2
0.1308;0.1319;0.1044;0.3317;2
0.1277;0.1306;0.1024;0.354;2
0.1288;0.1307;0.1033;0.353;2
0.1364;0.1372;0.1081;0.3895;2
0.1377;0.1411;0.1099;0.3991;2
0.131;0.135;0.1066;0.3313;2
0.1307;0.1326;0.1063;0.3183;2
0.1301;0.1313;0.1065;0.3293;2
0.1265;0.1303;0.1057;0.3289;2
0.1257;0.1291;0.1025;0.3342;2
0.1275;0.1314;0.1038;0.3358;2
0.1253;0.1286;0.1037;0.3495;2
0.1273;0.1325;0.1035;0.3828;2
0.153;0.1584;0.1242;0.1263;2
0.146;0.1469;0.1178;0.1244;2
0.164;0.1668;0.1285;0.144;2
0.1554;0.1531;0.1222;0.287;2
0.1408;0.1403;0.1077;0.3763;2
0.1381;0.1397;0.1058;0.3805;2
0.1338;0.1355;0.1042;0.3811;2
0.1314;0.1355;0.1032;0.3781;2
0.1347;0.1371;0.1042;0.3687;2
0.1377;0.1403;0.1045;0.3788;2
0.1373;0.1369;0.1046;0.364;2
0.1328;0.1303;0.102;0.3357;2
0.123;0.1196;0.0979;0.2829;2
0.133;0.1324;0.1029;0.3599;2
0.1307;0.1335;0.1024;0.3773;2
0.1352;0.1389;0.1037;0.3932;2
0.1357;0.1399;0.1041;0.3966;2
0.1323;0.1367;0.1046;0.3809;2
0.1302;0.1368;0.1047;0.3895;2
0.1247;0.1301;0.1021;0.3482;2
0.1281;0.1338;0.1035;0.3796;2
0.1279;0.1351;0.1036;0.3893;2
0.1269;0.1332;0.1028;0.3808;2
0.1291;0.133;0.1042;0.3702;2
0.1336;0.1334;0.104;0.3692;2
0.1356;0.1355;0.1054;0.3711;2
0.1318;0.1333;0.1046;0.3578;2
0.1341;0.1345;0.1066;0.3753;2
0.1375;0.134;0.1086;0.3763;2
0.1289;0.1259;0.1045;0.358;2
0.1242;0.124;0.103;0.3019;2
0.1263;0.1299;0.1043;0.318;2
0.1289;0.1337;0.1052;0.3565;2
0.132;0.1318;0.1076;0.3292;2
0.1286;0.1325;0.1045;0.3464;2
0.1274;0.1308;0.1045;0.3397;2
0.1275;0.1317;0.1034;0.3208;2
0.1248;0.1281;0.1041;0.2288;2
0.1256;0.1272;0.1039;0.2648;2
0.128;0.1323;0.1042;0.3532;2
0.1284;0.1343;0.1039;0.3698;2
0.1263;0.1344;0.1035;0.3774;2
0.1238;0.132;0.1028;0.3731;2
0.1309;0.1361;0.1035;0.3927;2
0.1366;0.1382;0.1048;0.3913;2
0.1355;0.1355;0.1037;0.3784;2
0.1289;0.1302;0.1027;0.3511;2
0.135;0.1347;0.1047;0.3551;2
0.1336;0.1368;0.1044;0.3849;2
0.1318;0.1418;0.1041;0.4207;2
0.1299;0.1361;0.1024;0.3879;2
0.1332;0.1371;0.1035;0.3743;2
0.131;0.1374;0.1037;0.372;2
0.1313;0.1353;0.1038;0.3632;2
0.1294;0.1348;0.1038;0.3672;2
0.1302;0.1343;0.1039;0.3641;2
0.1311;0.1359;0.1032;0.3711;2
0.1312;0.1364;0.1028;0.3885;2
0.1319;0.1357;0.1037;0.3787;2
0.134;0.137;0.1044;0.3837;2
0.1273;0.1312;0.1025;0.3624;2
0.1281;0.1332;0.1041;0.3435;2
0.1293;0.1293;0.1052;0.3623;2
0.1268;0.1234;0.1045;0.3504;2
0.1178;0.1167;0.099;0.2721;2
0.1234;0.1261;0.1024;0.3156;2
0.1294;0.134;0.1051;0.3791;2
0.1284;0.1314;0.104;0.363;2
0.1303;0.1356;0.1032;0.384;2
0.1326;0.1379;0.1036;0.3965;2
0.1305;0.1365;0.103;0.3933;2
0.1262;0.1359;0.103;0.3828;2
0.1328;0.14;0.104;0.3946;2
0.1318;0.1361;0.1043;0.3923;2
0.1342;0.1357;0.1041;0.3736;2
0.1276;0.1322;0.1032;0.3593;2
0.1253;0.13;0.1022;0.3501;2
0.1272;0.1328;0.1028;0.3711;2
0.1275;0.1331;0.1026;0.3683;2
0.1322;0.1395;0.104;0.389;2
0.1272;0.1345;0.102;0.3847;2
0.1238;0.1319;0.1019;0.3792;2
0.1298;0.136;0.1047;0.3865;2
0.1308;0.1363;0.1038;0.3794;2
0.1296;0.1344;0.1016;0.3674;2
0.1307;0.1342;0.1025;0.366;2
0.1314;0.1346;0.1034;0.364;2
0.1286;0.1332;0.1022;0.3701;2
0.1312;0.1359;0.1038;0.381;2
0.1345;0.1367;0.1041;0.3637;2
0.1298;0.1328;0.104;0.344;2
0.129;0.1327;0.1048;0.3645;2
0.127;0.1328;0.1022;0.3665;2
0.1223;0.1269;0.1015;0.3438;2
0.1166;0.1146;0.0972;0.2713;2
0.1277;0.1327;0.1034;0.3573;2
0.1337;0.1369;0.1043;0.3859;2
0.132;0.1351;0.1048;0.381;2
0.1328;0.1381;0.1046;0.3919;2
0.132;0.1394;0.105;0.3971;2
0.1368;0.1415;0.1064;0.3956;2
0.1346;0.1389;0.1042;0.3882;2
0.1298;0.1372;0.1044;0.3946;2
0.1256;0.1298;0.1019;0.3763;2
0.124;0.1292;0.1023;0.3496;2
0.1267;0.1325;0.1034;0.3691;2
0.1278;0.135;0.104;0.3779;2
0.1284;0.1373;0.105;0.4027;2
0.1297;0.1349;0.1038;0.3849;2
0.1231;0.1257;0.1017;0.335;2
0.1294;0.1329;0.1034;0.3792;2
0.1364;0.139;0.1059;0.3924;2
0.1325;0.1388;0.104;0.3981;2
0.1333;0.1353;0.1038;0.3848;2
0.1317;0.1341;0.1039;0.3776;2
0.1276;0.135;0.1029;0.3805;2
0.1356;0.1382;0.1052;0.3831;2
0.1301;0.1327;0.103;0.3599;2
0.1266;0.1305;0.1028;0.3571;2
0.1303;0.1347;0.1035;0.3748;2
0.1294;0.137;0.1037;0.3842;2
0.1324;0.1383;0.1049;0.3849;2
0.1293;0.1334;0.1036;0.3526;2
0.1289;0.1351;0.1037;0.3581;2
0.1288;0.1345;0.1024;0.3794;2
0.1285;0.132;0.1031;0.3571;2
0.1307;0.1309;0.1042;0.357;2
0.1317;0.1357;0.1052;0.3623;2
0.1254;0.1298;0.1032;0.3512;2
0.127;0.1328;0.1049;0.3608;2
0.1255;0.131;0.1043;0.3512;2
0.1283;0.1331;0.1044;0.3696;2
0.1277;0.1329;0.104;0.3475;2
0.126;0.1317;0.1048;0.3557;2
0.1287;0.1315;0.1051;0.3431;2
0.1275;0.1321;0.1034;0.3555;2
0.1303;0.1351;0.1055;0.3597;2
0.1291;0.1335;0.1033;0.3591;2
0.127;0.1337;0.1041;0.3602;2
0.1254;0.1318;0.103;0.3539;2
0.1256;0.133;0.1036;0.3635;2
0.1312;0.1374;0.1039;0.3777;2
0.1252;0.1303;0.1009;0.3399;2
0.1273;0.1293;0.1017;0.3355;2
0.1253;0.1292;0.1006;0.3508;2
0.129;0.1321;0.1034;0.3529;2
0.1277;0.1319;0.1028;0.3518;2
0.125;0.1313;0.1029;0.3553;2
0.125;0.1286;0.1021;0.3373;2
0.1278;0.133;0.1034;0.363;2
0.1274;0.1321;0.1028;0.3687;2
0.1263;0.1326;0.1052;0.3566;2
0.1245;0.1288;0.1037;0.3526;2
0.1253;0.1301;0.1049;0.3426;2
0.1292;0.1318;0.1043;0.3454;2
0.1293;0.1346;0.105;0.359;2
0.1886;0.1642;0.1376;0.2253;3
0.1907;0.1658;0.1386;0.2282;3
0.1904;0.168;0.1412;0.2345;3
0.1938;0.1691;0.1404;0.2341;3
0.1861;0.163;0.1356;0.2345;3
0.1913;0.1658;0.1394;0.2281;3
0.1905;0.1649;0.138;0.2248;3
0.1906;0.1643;0.1387;0.2254;3
0.1892;0.1643;0.1375;0.2261;3
0.1886;0.1636;0.1371;0.2263;3
0.1828;0.1591;0.1331;0.2274;3
0.185;0.1611;0.1347;0.2224;3
0.1867;0.162;0.1369;0.2222;3
0.1906;0.1661;0.1389;0.2274;3
0.1906;0.1652;0.1379;0.228;3
0.1906;0.1649;0.1366;0.2295;3
0.1883;0.1627;0.1361;0.2255;3
0.1833;0.1604;0.1337;0.2189;3
0.1813;0.1579;0.1326;0.2178;3
0.191;0.1657;0.1386;0.2304;3
0.1925;0.1668;0.1395;0.2317;3
0.1919;0.1671;0.1387;0.2304;3
0.1898;0.1644;0.137;0.2317;3
0.1894;0.1637;0.1378;0.2251;3
0.1844;0.1609;0.1346;0.2193;3
0.1813;0.1587;0.1345;0.2194;3
0.1868;0.1624;0.1359;0.2245;3
0.1896;0.164;0.1377;0.2264;3
0.1828;0.1599;0.133;0.2228;3
0.1885;0.1625;0.1371;0.2235;3
0.1885;0.1631;0.1364;0.2235;3
0.1837;0.1605;0.1342;0.2231;3
0.185;0.161;0.1352;0.2215;3
0.1854;0.1616;0.1351;0.2266;3
0.1883;0.1634;0.1373;0.2247;3
0.1911;0.1653;0.1385;0.2262;3
0.1876;0.162;0.135;0.2265;3
0.1922;0.1667;0.1386;0.232;3
0.1919;0.1662;0.1392;0.2287;3
0.1879;0.1624;0.1363;0.225;3
0.192;0.1665;0.1397;0.2303;3
0.2286;0.2072;0.1627;0.263;3
0.2224;0.2058;0.1603;0.2657;3
0.1809;0.1807;0.1399;0.329;3
0.2354;0.2111;0.1661;0.2625;3
0.2307;0.2083;0.164;0.2633;3
0.214;0.1966;0.156;0.251;3
0.1806;0.1794;0.1418;0.3149;3
0.1789;0.1797;0.1395;0.3278;3
0.1774;0.1822;0.1378;0.3536;3
0.1841;0.1836;0.1401;0.3375;3
0.2296;0.2081;0.1633;0.259;3
0.217;0.1999;0.1589;0.2587;3
0.1718;0.1669;0.1371;0.261;3
0.1762;0.1705;0.1397;0.2611;3
0.1861;0.1797;0.1426;0.3301;3
0.1662;0.1772;0.1347;0.3686;3
0.1707;0.1761;0.1352;0.3415;3
0.1822;0.182;0.1398;0.3404;3
0.2201;0.204;0.1597;0.2695;3
0.2245;0.2064;0.1622;0.2713;3
0.1741;0.1682;0.138;0.2681;3
0.1838;0.1752;0.1422;0.3066;3
0.1881;0.1824;0.1444;0.3342;3
0.1851;0.1765;0.1428;0.3201;3
0.1827;0.1748;0.1396;0.3175;3
0.1779;0.1849;0.1389;0.3614;3
0.1711;0.1574;0.1295;0.2742;3
0.1671;0.147;0.1232;0.2314;3
0.1638;0.1434;0.1195;0.1983;3
0.1694;0.1472;0.1215;0.1986;3
0.1827;0.1571;0.1281;0.2277;3
0.1824;0.1691;0.1412;0.2816;3
0.1818;0.1746;0.1412;0.3182;3
0.1919;0.1797;0.1466;0.318;3
0.1822;0.1715;0.1397;0.3117;3
0.1766;0.1731;0.1368;0.3344;3
0.1858;0.18;0.1394;0.3451;3
0.1658;0.1651;0.1346;0.3216;3
0.1772;0.1698;0.1389;0.2983;3
0.1767;0.1535;0.1274;0.2193;3
0.1664;0.1467;0.1212;0.2182;3
0.1682;0.1464;0.1204;0.2012;3
0.173;0.1497;0.1228;0.208;3
0.1868;0.1697;0.1435;0.2861;3
0.1863;0.1771;0.1434;0.3243;3
0.1873;0.1771;0.1439;0.3361;3
0.1771;0.1707;0.138;0.333;3
0.1705;0.175;0.1345;0.359;3
0.1765;0.1694;0.14;0.2959;3
0.1769;0.1711;0.1409;0.3056;3
0.1766;0.1624;0.1349;0.2665;3
0.1703;0.1485;0.1232;0.2134;3
0.172;0.1502;0.1243;0.2158;3
0.1673;0.1483;0.1215;0.2179;3
0.1735;0.1538;0.125;0.2424;3
0.1967;0.1772;0.1491;0.2939;3
0.1938;0.1776;0.1472;0.3128;3
0.1853;0.1762;0.142;0.3305;3
0.17;0.1724;0.1352;0.3472;3
0.1775;0.1733;0.1358;0.3472;3
0.1622;0.1619;0.1317;0.332;3
0.1779;0.1713;0.1422;0.3063;3
0.1753;0.1692;0.1399;0.305;3
0.1764;0.1701;0.141;0.3014;3
0.1793;0.1577;0.13;0.2345;3
0.1701;0.1498;0.1235;0.2356;3
0.1753;0.1525;0.1246;0.211;3
0.1721;0.1495;0.1219;0.1986;3
0.1943;0.1753;0.1469;0.2967;3
0.1936;0.1765;0.1466;0.3043;3
0.1768;0.1741;0.1384;0.3388;3
0.1679;0.1724;0.1339;0.3442;3
0.1772;0.1721;0.1408;0.3172;3
0.1751;0.1718;0.1403;0.3101;3
0.1741;0.1681;0.1375;0.2996;3
0.1775;0.1675;0.1369;0.2884;3
0.1823;0.156;0.128;0.2219;3
0.1756;0.1542;0.1269;0.2354;3
0.1746;0.1519;0.1255;0.2032;3
0.1725;0.1522;0.1232;0.2317;3
0.1668;0.1696;0.1329;0.3397;3
0.1666;0.171;0.1321;0.3358;3
0.1722;0.1675;0.1366;0.3212;3
0.1754;0.1726;0.1405;0.3151;3
0.1781;0.1717;0.1413;0.3015;3
0.1781;0.1724;0.1408;0.3092;3
0.1784;0.1628;0.1325;0.2628;3
0.1739;0.1512;0.1247;0.2158;3
0.1729;0.1512;0.1252;0.2134;3
0.17;0.1539;0.1261;0.2418;3
0.1761;0.1715;0.1394;0.3202;3
0.1776;0.1717;0.1418;0.3079;3
0.177;0.1721;0.1416;0.31;3
0.1766;0.1707;0.1387;0.307;3
0.178;0.1552;0.129;0.2322;3
0.1716;0.1678;0.1378;0.3266;3
0.1718;0.1673;0.1374;0.3128;3
0.1856;0.167;0.1324;0.2585;3
0.2008;0.1768;0.1419;0.2701;3
0.1921;0.1707;0.1368;0.2571;3
0.1935;0.1724;0.1383;0.2684;3
0.191;0.1745;0.1399;0.2953;3
0.1629;0.1623;0.127;0.3455;3
0.1952;0.1724;0.1382;0.2592;3
0.1895;0.171;0.137;0.271;3
0.1689;0.1667;0.1308;0.339;3
0.195;0.175;0.1401;0.2782;3
0.2007;0.1775;0.1414;0.2662;3
0.2014;0.1795;0.1425;0.2692;3
0.1968;0.1736;0.1399;0.2614;3
0.2019;0.1789;0.1431;0.2693;3
0.1904;0.1701;0.1361;0.2649;3
0.2001;0.177;0.1417;0.2646;3
0.1994;0.1781;0.1398;0.2655;3
0.2013;0.1801;0.1416;0.2729;3
0.198;0.1776;0.1413;0.271;3
0.2035;0.1839;0.1451;0.2861;3
0.1949;0.1713;0.1372;0.2563;3
0.1996;0.1791;0.1428;0.2788;3
0.188;0.174;0.1389;0.3046;3
0.1922;0.1749;0.1381;0.2752;3
0.1999;0.1783;0.1416;0.2682;3
0.2012;0.1806;0.143;0.2775;3
0.2067;0.1883;0.1469;0.2923;3
0.2067;0.1888;0.1479;0.2958;3
0.2083;0.1883;0.1479;0.2921;3
0.1982;0.1827;0.1422;0.2975;3
0.1972;0.175;0.1409;0.2733;3
0.2013;0.1774;0.1433;0.2699;3
0.1895;0.1739;0.1406;0.304;3
0.1928;0.178;0.1401;0.2906;3
0.1952;0.176;0.1382;0.2681;3
0.2031;0.1819;0.1419;0.2813;3
0.2022;0.1832;0.1428;0.284;3
0.2055;0.1885;0.1473;0.2951;3
0.1989;0.1839;0.1444;0.2889;3
0.1993;0.1825;0.1419;0.2832;3
0.1999;0.1845;0.1442;0.3068;3
0.1929;0.1688;0.135;0.2508;3
0.2007;0.1765;0.1411;0.2667;3
0.1901;0.1708;0.137;0.2837;3
0.1967;0.1779;0.1419;0.2854;3
0.2031;0.1884;0.1474;0.3065;3
0.1836;0.1767;0.1387;0.3479;3
0.1902;0.1806;0.1417;0.3508;3
0.2001;0.1818;0.1424;0.2914;3
0.2006;0.1878;0.1458;0.3022;3
0.202;0.1855;0.1436;0.2901;3
0.1978;0.181;0.1405;0.283;3
0.1964;0.183;0.1427;0.3052;3
0.1953;0.1715;0.1362;0.2588;3
0.1933;0.1705;0.1364;0.2595;3
0.1966;0.1782;0.1402;0.277;3
0.2012;0.1863;0.1461;0.3114;3
0.1798;0.1768;0.1382;0.3749;3
0.1809;0.1765;0.1385;0.3729;3
0.1806;0.1775;0.1392;0.3633;3
0.1923;0.1824;0.1422;0.3293;3
0.203;0.1875;0.1455;0.302;3
0.1988;0.1818;0.141;0.2858;3
0.1972;0.1787;0.1396;0.2768;3
0.1971;0.1801;0.1414;0.2827;3
0.1973;0.1845;0.1445;0.306;3
0.1846;0.1687;0.1351;0.2937;3
0.1931;0.1773;0.1396;0.2913;3
0.1778;0.1753;0.1347;0.3328;3
0.1752;0.1676;0.1351;0.3557;3
0.1821;0.1768;0.1392;0.3577;3
0.1696;0.1673;0.1321;0.3486;3
0.1626;0.1659;0.13;0.3628;3
0.1708;0.1733;0.1336;0.3657;3
0.19;0.1803;0.1401;0.3077;3
0.1991;0.1847;0.1442;0.3041;3
0.1973;0.1826;0.1448;0.2903;3
0.194;0.1769;0.1399;0.2744;3
0.1969;0.1785;0.1389;0.2802;3
0.198;0.1842;0.1448;0.3037;3
0.1541;0.1538;0.1215;0.3349;3
0.1514;0.1549;0.1199;0.3608;3
0.1408;0.1663;0.1192;0.4651;3
0.1718;0.1768;0.1358;0.4064;3
0.1807;0.1741;0.1386;0.3531;3
0.1695;0.1717;0.1342;0.3623;3
0.178;0.1786;0.1376;0.346;3
0.1825;0.1804;0.1397;0.3217;3
0.1875;0.1835;0.1405;0.3191;3
0.187;0.1835;0.1405;0.3309;3
0.2;0.1869;0.1451;0.3082;3
0.1923;0.1762;0.1376;0.2762;3
0.1947;0.1789;0.1394;0.2834;3
0.2022;0.1887;0.1466;0.307;3
0.1975;0.1853;0.145;0.3117;3
0.1536;0.1511;0.119;0.315;3
0.1435;0.1512;0.117;0.3833;3
0.1539;0.1662;0.1268;0.4178;3
0.1456;0.1601;0.1195;0.4021;3
0.1487;0.1525;0.1184;0.3592;3
0.1694;0.1707;0.1314;0.3524;3
0.1912;0.1877;0.1439;0.331;3
0.1881;0.1854;0.1415;0.3233;3
0.1893;0.1838;0.1399;0.3165;3
0.1888;0.1856;0.1415;0.3257;3
0.1863;0.1842;0.1403;0.3325;3
0.1928;0.1795;0.1392;0.2922;3
0.1923;0.1796;0.1394;0.2899;3
0.1967;0.1833;0.1418;0.3005;3
0.1976;0.1849;0.1446;0.305;3
0.1936;0.1808;0.1413;0.3042;3
0.1508;0.1556;0.119;0.3803;3
0.1502;0.1532;0.1188;0.357;3
0.1489;0.1527;0.1176;0.3642;3
0.1627;0.1599;0.1238;0.352;3
0.1902;0.1743;0.1375;0.3302;3
0.2022;0.1821;0.1447;0.2972;3
0.191;0.1825;0.1415;0.3094;3
0.1884;0.1868;0.1422;0.3285;3
0.1878;0.1842;0.1395;0.3205;3
0.187;0.1832;0.1388;0.3186;3
0.1831;0.1777;0.1367;0.315;3
0.1989;0.1865;0.144;0.3019;3
0.1984;0.1876;0.1465;0.3077;3
0.1987;0.1894;0.1471;0.3157;3
0.1908;0.1838;0.1435;0.3224;3
0.149;0.1516;0.1198;0.3716;3
0.1438;0.1501;0.1175;0.3808;3
0.1893;0.1724;0.1368;0.3235;3
0.2129;0.1885;0.1487;0.3039;3
0.2251;0.196;0.1561;0.296;3
0.2214;0.1915;0.1512;0.2855;3
0.2249;0.1977;0.1555;0.2977;3
0.2192;0.1938;0.1526;0.2967;3
0.1927;0.1885;0.1449;0.3263;3
0.1938;0.1858;0.1429;0.319;3
0.2001;0.1823;0.1428;0.2975;3
0.2067;0.1807;0.1434;0.2894;3
0.1945;0.182;0.1412;0.3056;3
0.1976;0.187;0.1462;0.3065;3
0.2001;0.1872;0.1471;0.3016;3
0.1967;0.1832;0.1429;0.3001;3
0.1476;0.153;0.1202;0.3422;3
0.1384;0.1448;0.1152;0.3412;3
0.1384;0.1511;0.1164;0.3817;3
0.2206;0.1939;0.1513;0.2853;3
0.2233;0.197;0.1543;0.296;3
0.2223;0.1967;0.1529;0.292;3
0.2264;0.2008;0.1567;0.3014;3
0.2259;0.1989;0.1564;0.2968;3
0.2135;0.1891;0.1504;0.2905;3
0.2126;0.1824;0.1474;0.2823;3
0.2225;0.1879;0.1512;0.2817;3
0.2197;0.1864;0.149;0.2775;3
0.1974;0.1818;0.1427;0.3138;3
0.2107;0.1922;0.15;0.3006;3
0.2154;0.1927;0.1513;0.2995;3
0.2162;0.1895;0.1492;0.2874;3
0.1584;0.154;0.1225;0.3017;3
0.1437;0.14;0.1137;0.3016;3
0.1502;0.1422;0.1162;0.2723;3
0.1528;0.1587;0.1222;0.3614;3
0.2226;0.1961;0.1539;0.2946;3
0.2215;0.1945;0.1525;0.2903;3
0.222;0.1974;0.1532;0.2982;3
0.2157;0.1956;0.1523;0.3175;3
0.1982;0.1875;0.1451;0.3479;3
0.184;0.1745;0.1376;0.3398;3
0.2175;0.1904;0.1525;0.2959;3
0.2177;0.1926;0.1519;0.3003;3
0.2152;0.193;0.1515;0.3069;3
0.217;0.1916;0.1504;0.2941;3
0.2195;0.1941;0.1527;0.2951;3
0.215;0.1875;0.1478;0.2851;3
0.2085;0.1853;0.1462;0.2985;3
0.2283;0.1991;0.1566;0.3008;3
0.207;0.1783;0.1407;0.2673;3
0.1671;0.1653;0.1278;0.3498;3
0.1823;0.1779;0.1367;0.3558;3
0.157;0.1677;0.1265;0.411;3
0.1529;0.1652;0.1251;0.423;3
0.1744;0.1718;0.1345;0.3825;3
0.1909;0.1764;0.1402;0.3469;3
0.2231;0.1973;0.1563;0.3028;3
0.2253;0.1978;0.1551;0.2979;3
0.222;0.1958;0.1533;0.2959;3
0.2123;0.1895;0.1503;0.3044;3
0.214;0.188;0.1488;0.2832;3
0.2056;0.1797;0.1416;0.2701;3
0.2029;0.1783;0.1401;0.2706;3
0.2142;0.1872;0.147;0.2824;3
0.2217;0.1926;0.1506;0.2873;3
0.1749;0.1719;0.132;0.3611;3
0.143;0.1565;0.1207;0.4001;3
0.1595;0.166;0.1296;0.3886;3
0.2043;0.1816;0.1461;0.3316;3
0.2181;0.1852;0.151;0.2998;3
0.2129;0.1801;0.146;0.2849;3
0.2147;0.1868;0.1488;0.2961;3
0.2237;0.1991;0.1544;0.299;3
0.2149;0.1903;0.1491;0.2871;3
0.2082;0.1861;0.1463;0.2985;3
0.2155;0.1885;0.1496;0.2859;3
0.2144;0.1886;0.1497;0.2894;3
0.2079;0.1845;0.1449;0.2865;3
0.1987;0.1818;0.1435;0.3044;3
0.2188;0.1951;0.1528;0.3144;3
0.2003;0.1774;0.145;0.3183;3
0.1973;0.1764;0.143;0.3243;3
0.1963;0.1785;0.1435;0.3284;3
0.2053;0.1794;0.1456;0.3005;3
0.2078;0.1793;0.1443;0.2912;3
